Notes,State,State Code,Year,Year Code,Gender,Gender Code,Deaths,Population,Crude Rate
,Alabama,1,1999,1999,Female,F,84,2293259,3.7
,Alabama,1,1999,1999,Male,M,111,2136882,5.2
,Alabama,1,2000,2000,Female,F,106,2300596,4.6
,Alabama,1,2000,2000,Male,M,126,2146504,5.9
,Alabama,1,2001,2001,Female,F,105,2309496,4.5
,Alabama,1,2001,2001,Male,M,148,2158138,6.9
,Alabama,1,2002,2002,Female,F,100,2314370,4.3
,Alabama,1,2002,2002,Male,M,148,2165719,6.8
,Alabama,1,2003,2003,Female,F,95,2324069,4.1
,Alabama,1,2003,2003,Male,M,160,2179422,7.3
,Alabama,1,2004,2004,Female,F,127,2337857,5.4
,Alabama,1,2004,2004,Male,M,200,2192872,9.1
,Alabama,1,2005,2005,Female,F,118,2356423,5
,Alabama,1,2005,2005,Male,M,214,2213382,9.7
,Alabama,1,2006,2006,Female,F,178,2385480,7.5
,Alabama,1,2006,2006,Male,M,288,2243501,12.8
,Alabama,1,2007,2007,Female,F,229,2407275,9.5
,Alabama,1,2007,2007,Male,M,325,2265565,14.3
,Alabama,1,2008,2008,Female,F,296,2430257,12.2
,Alabama,1,2008,2008,Male,M,350,2287949,15.3
,Alabama,1,2009,2009,Female,F,309,2448159,12.6
,Alabama,1,2009,2009,Male,M,379,2309779,16.4
,Alabama,1,2010,2010,Female,F,254,2459548,10.3
,Alabama,1,2010,2010,Male,M,331,2320188,14.3
,Alabama,1,2011,2011,Female,F,258,2473249,10.4
,Alabama,1,2011,2011,Male,M,347,2329491,14.9
,Alabama,1,2012,2012,Female,F,247,2483466,9.9
,Alabama,1,2012,2012,Male,M,385,2338557,16.5
,Alabama,1,2013,2013,Female,F,277,2488375,11.1
,Alabama,1,2013,2013,Male,M,371,2345347,15.8
,Alabama,1,2014,2014,Female,F,355,2499410,14.2
,Alabama,1,2014,2014,Male,M,445,2349967,18.9
,Alabama,1,2015,2015,Female,F,339,2505795,13.5
,Alabama,1,2015,2015,Male,M,471,2353184,20
,Alaska,2,1999,1999,Female,F,26,301266,8.6
,Alaska,2,1999,1999,Male,M,30,323513,9.3
,Alaska,2,2000,2000,Female,F,28,302820,9.2
,Alaska,2,2000,2000,Male,M,26,324112,8
,Alaska,2,2001,2001,Female,F,33,305579,10.8
,Alaska,2,2001,2001,Male,M,39,328135,11.9
,Alaska,2,2002,2002,Female,F,36,309633,11.6
,Alaska,2,2002,2002,Male,M,49,332704,14.7
,Alaska,2,2003,2003,Female,F,42,313034,13.4
,Alaska,2,2003,2003,Male,M,44,335380,13.1
,Alaska,2,2004,2004,Female,F,48,317807,15.1
,Alaska,2,2004,2004,Male,M,44,341479,12.9
,Alaska,2,2005,2005,Female,F,37,320920,11.5
,Alaska,2,2005,2005,Male,M,48,346026,13.9
,Alaska,2,2006,2006,Female,F,32,325121,9.8
,Alaska,2,2006,2006,Male,M,53,350181,15.1
,Alaska,2,2007,2007,Female,F,30,327138,9.2
,Alaska,2,2007,2007,Male,M,45,353162,12.7
,Alaska,2,2008,2008,Female,F,46,329412,14
,Alaska,2,2008,2008,Male,M,86,358043,24
,Alaska,2,2009,2009,Female,F,55,337002,16.3
,Alaska,2,2009,2009,Male,M,78,361893,21.6
,Alaska,2,2010,2010,Female,F,40,340603,11.7
,Alaska,2,2010,2010,Male,M,44,369628,11.9
,Alaska,2,2011,2011,Female,F,43,347526,12.4
,Alaska,2,2011,2011,Male,M,64,375192,17.1
,Alaska,2,2012,2012,Female,F,57,350211,16.3
,Alaska,2,2012,2012,Male,M,75,381238,19.7
,Alaska,2,2013,2013,Female,F,38,349564,10.9
,Alaska,2,2013,2013,Male,M,72,385568,18.7
,Alaska,2,2014,2014,Female,F,56,349436,16
,Alaska,2,2014,2014,Male,M,71,387296,18.3
,Alaska,2,2015,2015,Female,F,48,349407,13.7
,Alaska,2,2015,2015,Male,M,79,389025,20.3
,Arizona,4,1999,1999,Female,F,149,2518299,5.9
,Arizona,4,1999,1999,Male,M,408,2505524,16.3
,Arizona,4,2000,2000,Female,F,169,2569575,6.6
,Arizona,4,2000,2000,Male,M,390,2561057,15.2
,Arizona,4,2001,2001,Female,F,187,2641676,7.1
,Arizona,4,2001,2001,Male,M,411,2631801,15.6
,Arizona,4,2002,2002,Female,F,221,2704217,8.2
,Arizona,4,2002,2002,Male,M,446,2692038,16.6
,Arizona,4,2003,2003,Female,F,257,2764077,9.3
,Arizona,4,2003,2003,Male,M,482,2746287,17.6
,Arizona,4,2004,2004,Female,F,284,2835606,10
,Arizona,4,2004,2004,Male,M,519,2816798,18.4
,Arizona,4,2005,2005,Female,F,332,2930811,11.3
,Arizona,4,2005,2005,Male,M,517,2908266,17.8
,Arizona,4,2006,2006,Female,F,356,3026134,11.8
,Arizona,4,2006,2006,Male,M,603,3003007,20.1
,Arizona,4,2007,2007,Female,F,363,3096998,11.7
,Arizona,4,2007,2007,Male,M,618,3070683,20.1
,Arizona,4,2008,2008,Female,F,341,3155278,10.8
,Arizona,4,2008,2008,Male,M,512,3125084,16.4
,Arizona,4,2009,2009,Female,F,416,3189908,13
,Arizona,4,2009,2009,Male,M,625,3153246,19.8
,Arizona,4,2010,2010,Female,F,480,3216194,14.9
,Arizona,4,2010,2010,Male,M,661,3175823,20.8
,Arizona,4,2011,2011,Female,F,488,3258634,15
,Arizona,4,2011,2011,Male,M,630,3223871,19.5
,Arizona,4,2012,2012,Female,F,495,3294772,15
,Arizona,4,2012,2012,Male,M,711,3258483,21.8
,Arizona,4,2013,2013,Female,F,543,3331505,16.3
,Arizona,4,2013,2013,Male,M,761,3295119,23.1
,Arizona,4,2014,2014,Female,F,513,3387637,15.1
,Arizona,4,2014,2014,Male,M,761,3343847,22.8
,Arizona,4,2015,2015,Female,F,550,3436575,16
,Arizona,4,2015,2015,Male,M,801,3391490,23.6
,Arkansas,5,1999,1999,Female,F,52,1359445,3.8
,Arkansas,5,1999,1999,Male,M,69,1292415,5.3
,Arkansas,5,2000,2000,Female,F,58,1368707,4.2
,Arkansas,5,2000,2000,Male,M,93,1304693,7.1
,Arkansas,5,2001,2001,Female,F,48,1376845,3.5
,Arkansas,5,2001,2001,Male,M,83,1314726,6.3
,Arkansas,5,2002,2002,Female,F,91,1383239,6.6
,Arkansas,5,2002,2002,Male,M,99,1322688,7.5
,Arkansas,5,2003,2003,Female,F,83,1391523,6
,Arkansas,5,2003,2003,Male,M,120,1333293,9
,Arkansas,5,2004,2004,Female,F,114,1403048,8.1
,Arkansas,5,2004,2004,Male,M,135,1346638,10
,Arkansas,5,2005,2005,Female,F,123,1418295,8.7
,Arkansas,5,2005,2005,Male,M,163,1362802,12
,Arkansas,5,2006,2006,Female,F,118,1438428,8.2
,Arkansas,5,2006,2006,Male,M,189,1383333,13.7
,Arkansas,5,2007,2007,Female,F,142,1451358,9.8
,Arkansas,5,2007,2007,Male,M,184,1397292,13.2
,Arkansas,5,2008,2008,Female,F,177,1464220,12.1
,Arkansas,5,2008,2008,Male,M,213,1410334,15.1
,Arkansas,5,2009,2009,Female,F,167,1475013,11.3
,Arkansas,5,2009,2009,Male,M,217,1421830,15.3
,Arkansas,5,2010,2010,Female,F,168,1484281,11.3
,Arkansas,5,2010,2010,Male,M,206,1431637,14.4
,Arkansas,5,2011,2011,Female,F,148,1495200,9.9
,Arkansas,5,2011,2011,Male,M,227,1442779,15.7
,Arkansas,5,2012,2012,Female,F,193,1500641,12.9
,Arkansas,5,2012,2012,Male,M,205,1448490,14.2
,Arkansas,5,2013,2013,Female,F,147,1505782,9.8
,Arkansas,5,2013,2013,Male,M,196,1453591,13.5
,Arkansas,5,2014,2014,Female,F,162,1509053,10.7
,Arkansas,5,2014,2014,Male,M,215,1457316,14.8
,Arkansas,5,2015,2015,Female,F,198,1515348,13.1
,Arkansas,5,2015,2015,Male,M,227,1462856,15.5
,California,6,1999,1999,Female,F,975,16800161,5.8
,California,6,1999,1999,Male,M,2116,16699043,12.7
,California,6,2000,2000,Female,F,724,16996756,4.3
,California,6,2000,2000,Male,M,1577,16874892,9.3
,California,6,2001,2001,Female,F,505,17294223,2.9
,California,6,2001,2001,Male,M,1002,17185235,5.8
,California,6,2002,2002,Female,F,1250,17498462,7.1
,California,6,2002,2002,Male,M,2168,17373381,12.5
,California,6,2003,2003,Female,F,1292,17709509,7.3
,California,6,2003,2003,Male,M,2322,17543650,13.2
,California,6,2004,2004,Female,F,1394,17871415,7.8
,California,6,2004,2004,Male,M,2287,17703161,12.9
,California,6,2005,2005,Female,F,1405,17996230,7.8
,California,6,2005,2005,Male,M,2416,17831713,13.5
,California,6,2006,2006,Female,F,1481,18097471,8.2
,California,6,2006,2006,Male,M,2545,17923731,14.2
,California,6,2007,2007,Female,F,1596,18214926,8.8
,California,6,2007,2007,Male,M,2582,18035385,14.3
,California,6,2008,2008,Female,F,1618,18396972,8.8
,California,6,2008,2008,Male,M,2529,18207365,13.9
,California,6,2009,2009,Female,F,1669,18583075,9
,California,6,2009,2009,Male,M,2621,18378154,14.3
,California,6,2010,2010,Female,F,1679,18736126,9
,California,6,2010,2010,Male,M,2579,18517830,13.9
,California,6,2011,2011,Female,F,1711,18943585,9
,California,6,2011,2011,Male,M,2718,18748327,14.5
,California,6,2012,2012,Female,F,1629,19122866,8.5
,California,6,2012,2012,Male,M,2675,18918564,14.1
,California,6,2013,2013,Female,F,1795,19268325,9.3
,California,6,2013,2013,Male,M,2952,19064196,15.5
,California,6,2014,2014,Female,F,1770,19533596,9.1
,California,6,2014,2014,Male,M,3046,19268904,15.8
,California,6,2015,2015,Female,F,1852,19701750,9.4
,California,6,2015,2015,Male,M,3173,19443068,16.3
,Colorado,8,1999,1999,Female,F,136,2101358,6.5
,Colorado,8,1999,1999,Male,M,239,2124660,11.2
,Colorado,8,2000,2000,Female,F,132,2135278,6.2
,Colorado,8,2000,2000,Male,M,240,2165983,11.1
,Colorado,8,2001,2001,Female,F,169,2195705,7.7
,Colorado,8,2001,2001,Male,M,275,2229982,12.3
,Colorado,8,2002,2002,Female,F,189,2228665,8.5
,Colorado,8,2002,2002,Male,M,285,2261741,12.6
,Colorado,8,2003,2003,Female,F,200,2253214,8.9
,Colorado,8,2003,2003,Male,M,329,2275518,14.5
,Colorado,8,2004,2004,Female,F,207,2274511,9.1
,Colorado,8,2004,2004,Male,M,341,2300502,14.8
,Colorado,8,2005,2005,Female,F,224,2308238,9.7
,Colorado,8,2005,2005,Male,M,416,2323650,17.9
,Colorado,8,2006,2006,Female,F,270,2352960,11.5
,Colorado,8,2006,2006,Male,M,390,2367463,16.5
,Colorado,8,2007,2007,Female,F,325,2396433,13.6
,Colorado,8,2007,2007,Male,M,422,2407435,17.5
,Colorado,8,2008,2008,Female,F,314,2439060,12.9
,Colorado,8,2008,2008,Male,M,446,2450670,18.2
,Colorado,8,2009,2009,Female,F,333,2480710,13.4
,Colorado,8,2009,2009,Male,M,451,2491485,18.1
,Colorado,8,2010,2010,Female,F,303,2508534,12.1
,Colorado,8,2010,2010,Male,M,373,2520662,14.8
,Colorado,8,2011,2011,Female,F,375,2549601,14.7
,Colorado,8,2011,2011,Male,M,477,2567195,18.6
,Colorado,8,2012,2012,Female,F,388,2583877,15
,Colorado,8,2012,2012,Male,M,438,2603705,16.8
,Colorado,8,2013,2013,Female,F,392,2621921,15
,Colorado,8,2013,2013,Male,M,472,2646446,17.8
,Colorado,8,2014,2014,Female,F,380,2664707,14.3
,Colorado,8,2014,2014,Male,M,537,2691159,20
,Colorado,8,2015,2015,Female,F,357,2712811,13.2
,Colorado,8,2015,2015,Male,M,536,2743763,19.5
,Connecticut,9,1999,1999,Female,F,92,1747148,5.3
,Connecticut,9,1999,1999,Male,M,238,1639253,14.5
,Connecticut,9,2000,2000,Female,F,83,1756246,4.7
,Connecticut,9,2000,2000,Male,M,253,1649319,15.3
,Connecticut,9,2001,2001,Female,F,106,1768959,6
,Connecticut,9,2001,2001,Male,M,220,1663876,13.2
,Connecticut,9,2002,2002,Female,F,113,1780500,6.3
,Connecticut,9,2002,2002,Male,M,264,1678249,15.7
,Connecticut,9,2003,2003,Female,F,108,1793468,6
,Connecticut,9,2003,2003,Male,M,230,1690868,13.6
,Connecticut,9,2004,2004,Female,F,124,1798078,6.9
,Connecticut,9,2004,2004,Male,M,236,1698016,13.9
,Connecticut,9,2005,2005,Female,F,113,1802068,6.3
,Connecticut,9,2005,2005,Male,M,239,1704888,14
,Connecticut,9,2006,2006,Female,F,139,1807675,7.7
,Connecticut,9,2006,2006,Male,M,319,1709785,18.7
,Connecticut,9,2007,2007,Female,F,155,1811617,8.6
,Connecticut,9,2007,2007,Male,M,289,1715653,16.8
,Connecticut,9,2008,2008,Female,F,144,1820749,7.9
,Connecticut,9,2008,2008,Male,M,253,1724830,14.7
,Connecticut,9,2009,2009,Female,F,136,1828779,7.4
,Connecticut,9,2009,2009,Male,M,261,1733028,15.1
,Connecticut,9,2010,2010,Female,F,129,1834483,7
,Connecticut,9,2010,2010,Male,M,243,1739614,14
,Connecticut,9,2011,2011,Female,F,136,1835893,7.4
,Connecticut,9,2011,2011,Male,M,280,1744816,16
,Connecticut,9,2012,2012,Female,F,151,1840431,8.2
,Connecticut,9,2012,2012,Male,M,300,1749916,17.1
,Connecticut,9,2013,2013,Female,F,186,1841929,10.1
,Connecticut,9,2013,2013,Male,M,414,1754151,23.6
,Connecticut,9,2014,2014,Female,F,221,1842128,12
,Connecticut,9,2014,2014,Male,M,418,1754549,23.8
,Connecticut,9,2015,2015,Female,F,244,1839139,13.3
,Connecticut,9,2015,2015,Male,M,583,1751747,33.3
,Delaware,10,1999,1999,Female,F,19,398732,
,Delaware,10,1999,1999,Male,M,36,376258,9.6
,Delaware,10,2000,2000,Female,F,25,403059,6.2
,Delaware,10,2000,2000,Male,M,35,380541,9.2
,Delaware,10,2001,2001,Female,F,23,409349,5.6
,Delaware,10,2001,2001,Male,M,47,386350,12.2
,Delaware,10,2002,2002,Female,F,23,414652,5.5
,Delaware,10,2002,2002,Male,M,62,391517,15.8
,Delaware,10,2003,2003,Female,F,24,420802,5.7
,Delaware,10,2003,2003,Male,M,64,397201,16.1
,Delaware,10,2004,2004,Female,F,37,427320,8.7
,Delaware,10,2004,2004,Male,M,55,403483,13.6
,Delaware,10,2005,2005,Female,F,21,435227,4.8
,Delaware,10,2005,2005,Male,M,46,409923,11.2
,Delaware,10,2006,2006,Female,F,29,442766,6.5
,Delaware,10,2006,2006,Male,M,54,416502,13
,Delaware,10,2007,2007,Female,F,39,449398,8.7
,Delaware,10,2007,2007,Male,M,63,422351,14.9
,Delaware,10,2008,2008,Female,F,52,455481,11.4
,Delaware,10,2008,2008,Male,M,73,428393,17
,Delaware,10,2009,2009,Female,F,59,459795,12.8
,Delaware,10,2009,2009,Male,M,80,431935,18.5
,Delaware,10,2010,2010,Female,F,61,462995,13.2
,Delaware,10,2010,2010,Male,M,86,434939,19.8
,Delaware,10,2011,2011,Female,F,74,467299,15.8
,Delaware,10,2011,2011,Male,M,92,439836,20.9
,Delaware,10,2012,2012,Female,F,60,472734,12.7
,Delaware,10,2012,2012,Male,M,90,444358,20.3
,Delaware,10,2013,2013,Female,F,67,477802,14
,Delaware,10,2013,2013,Male,M,103,447947,23
,Delaware,10,2014,2014,Female,F,77,482925,15.9
,Delaware,10,2014,2014,Male,M,127,452689,28.1
,Delaware,10,2015,2015,Female,F,76,488125,15.6
,Delaware,10,2015,2015,Male,M,132,457809,28.8
,District of Columbia,11,1999,1999,Male,M,48,268416,17.9
,District of Columbia,11,2000,2000,Female,F,28,302693,9.3
,District of Columbia,11,2000,2000,Male,M,56,269366,20.8
,District of Columbia,11,2001,2001,Female,F,35,303740,11.5
,District of Columbia,11,2001,2001,Male,M,76,270764,28.1
,District of Columbia,11,2002,2002,Female,F,27,303146,8.9
,District of Columbia,11,2002,2002,Male,M,43,270012,15.9
,District of Columbia,11,2003,2003,Female,F,37,300607,12.3
,District of Columbia,11,2003,2003,Male,M,82,267895,30.6
,District of Columbia,11,2004,2004,Female,F,38,300284,12.7
,District of Columbia,11,2004,2004,Male,M,71,267470,26.5
,District of Columbia,11,2005,2005,Female,F,34,299613,11.3
,District of Columbia,11,2005,2005,Male,M,60,267523,22.4
,District of Columbia,11,2006,2006,Female,F,49,301322,16.3
,District of Columbia,11,2006,2006,Male,M,80,269359,29.7
,District of Columbia,11,2007,2007,Female,F,30,302949,9.9
,District of Columbia,11,2007,2007,Male,M,60,271455,22.1
,District of Columbia,11,2008,2008,Female,F,18,306265,
,District of Columbia,11,2008,2008,Male,M,59,273971,21.5
,District of Columbia,11,2009,2009,Female,F,14,311828,
,District of Columbia,11,2009,2009,Male,M,44,280400,15.7
,District of Columbia,11,2010,2010,Female,F,31,317501,9.8
,District of Columbia,11,2010,2010,Male,M,59,284222,20.8
,District of Columbia,11,2011,2011,Female,F,38,325775,11.7
,District of Columbia,11,2011,2011,Male,M,56,292221,19.2
,District of Columbia,11,2012,2012,Female,F,28,333282,8.4
,District of Columbia,11,2012,2012,Male,M,57,299041,19.1
,District of Columbia,11,2013,2013,Female,F,36,340199,10.6
,District of Columbia,11,2013,2013,Male,M,77,306250,25.1
,District of Columbia,11,2014,2014,Female,F,37,346293,10.7
,District of Columbia,11,2014,2014,Male,M,69,312600,22.1
,District of Columbia,11,2015,2015,Female,F,39,353627,11
,District of Columbia,11,2015,2015,Male,M,91,318601,28.6
,Florida,12,1999,1999,Female,F,392,8073847,4.9
,Florida,12,1999,1999,Male,M,669,7685574,8.7
,Florida,12,2000,2000,Female,F,425,8184663,5.2
,Florida,12,2000,2000,Male,M,812,7797715,10.4
,Florida,12,2001,2001,Female,F,628,8372776,7.5
,Florida,12,2001,2001,Male,M,1205,7984190,15.1
,Florida,12,2002,2002,Female,F,731,8541734,8.6
,Florida,12,2002,2002,Male,M,1310,8147636,16.1
,Florida,12,2003,2003,Female,F,771,8697573,8.9
,Florida,12,2003,2003,Male,M,1382,8306512,16.6
,Florida,12,2004,2004,Female,F,891,8902447,10
,Florida,12,2004,2004,Male,M,1517,8512871,17.8
,Florida,12,2005,2005,Female,F,952,9117950,10.4
,Florida,12,2005,2005,Male,M,1712,8724088,19.6
,Florida,12,2006,2006,Female,F,1061,9280080,11.4
,Florida,12,2006,2006,Male,M,1867,8886910,21
,Florida,12,2007,2007,Female,F,1090,9378587,11.6
,Florida,12,2007,2007,Male,M,1846,8989255,20.5
,Florida,12,2008,2008,Female,F,1108,9465279,11.7
,Florida,12,2008,2008,Male,M,1989,9062026,21.9
,Florida,12,2009,2009,Female,F,1200,9534289,12.6
,Florida,12,2009,2009,Male,M,1993,9118355,21.9
,Florida,12,2010,2010,Female,F,1199,9611955,12.5
,Florida,12,2010,2010,Male,M,1982,9189355,21.6
,Florida,12,2011,2011,Female,F,1189,9736166,12.2
,Florida,12,2011,2011,Male,M,1844,9321376,19.8
,Florida,12,2012,2012,Female,F,1134,9869741,11.5
,Florida,12,2012,2012,Male,M,1563,9447827,16.5
,Florida,12,2013,2013,Female,F,1106,9990213,11.1
,Florida,12,2013,2013,Male,M,1497,9562647,15.7
,Florida,12,2014,2014,Female,F,1152,10170011,11.3
,Florida,12,2014,2014,Male,M,1652,9723286,17
,Florida,12,2015,2015,Female,F,1256,10368733,12.1
,Florida,12,2015,2015,Male,M,2121,9902539,21.4
,Georgia,13,1999,1999,Female,F,134,4096031,3.3
,Georgia,13,1999,1999,Male,M,213,3949934,5.4
,Georgia,13,2000,2000,Female,F,171,4159340,4.1
,Georgia,13,2000,2000,Male,M,258,4027113,6.4
,Georgia,13,2001,2001,Female,F,219,4256162,5.1
,Georgia,13,2001,2001,Male,M,372,4120876,9
,Georgia,13,2002,2002,Female,F,231,4327934,5.3
,Georgia,13,2002,2002,Male,M,400,4180322,9.6
,Georgia,13,2003,2003,Female,F,268,4394952,6.1
,Georgia,13,2003,2003,Male,M,416,4227841,9.8
,Georgia,13,2004,2004,Female,F,304,4463524,6.8
,Georgia,13,2004,2004,Male,M,426,4305728,9.9
,Georgia,13,2005,2005,Female,F,316,4555263,6.9
,Georgia,13,2005,2005,Male,M,504,4370659,11.5
,Georgia,13,2006,2006,Female,F,358,4670606,7.7
,Georgia,13,2006,2006,Male,M,554,4485207,12.4
,Georgia,13,2007,2007,Female,F,382,4777572,8
,Georgia,13,2007,2007,Male,M,591,4572416,12.9
,Georgia,13,2008,2008,Female,F,369,4856984,7.6
,Georgia,13,2008,2008,Male,M,608,4647859,13.1
,Georgia,13,2009,2009,Female,F,440,4917756,8.9
,Georgia,13,2009,2009,Male,M,603,4703090,12.8
,Georgia,13,2010,2010,Female,F,479,4958482,9.7
,Georgia,13,2010,2010,Male,M,645,4729171,13.6
,Georgia,13,2011,2011,Female,F,487,5012403,9.7
,Georgia,13,2011,2011,Male,M,625,4802807,13
,Georgia,13,2012,2012,Female,F,497,5068921,9.8
,Georgia,13,2012,2012,Male,M,618,4851024,12.7
,Georgia,13,2013,2013,Female,F,510,5110806,10
,Georgia,13,2013,2013,Male,M,650,4881361,13.3
,Georgia,13,2014,2014,Female,F,535,5170356,10.3
,Georgia,13,2014,2014,Male,M,733,4926987,14.9
,Georgia,13,2015,2015,Female,F,572,5234978,10.9
,Georgia,13,2015,2015,Male,M,798,4979882,16
,Hawaii,15,1999,1999,Female,F,24,601830,4
,Hawaii,15,1999,1999,Male,M,59,608470,9.7
,Hawaii,15,2000,2000,Female,F,21,602866,3.5
,Hawaii,15,2000,2000,Male,M,43,608671,7.1
,Hawaii,15,2001,2001,Female,F,27,609189,4.4
,Hawaii,15,2001,2001,Male,M,56,616759,9.1
,Hawaii,15,2002,2002,Female,F,31,616192,5
,Hawaii,15,2002,2002,Male,M,54,623421,8.7
,Hawaii,15,2003,2003,Female,F,25,623753,4
,Hawaii,15,2003,2003,Male,M,77,627401,12.3
,Hawaii,15,2004,2004,Female,F,29,636864,4.6
,Hawaii,15,2004,2004,Male,M,99,636705,15.5
,Hawaii,15,2005,2005,Female,F,52,644813,8.1
,Hawaii,15,2005,2005,Male,M,91,647916,14
,Hawaii,15,2006,2006,Female,F,34,652351,5.2
,Hawaii,15,2006,2006,Male,M,97,657380,14.8
,Hawaii,15,2007,2007,Female,F,36,657185,5.5
,Hawaii,15,2007,2007,Male,M,106,658490,16.1
,Hawaii,15,2008,2008,Female,F,50,665313,7.5
,Hawaii,15,2008,2008,Male,M,79,666900,11.8
,Hawaii,15,2009,2009,Female,F,30,673075,4.5
,Hawaii,15,2009,2009,Male,M,118,673642,17.5
,Hawaii,15,2010,2010,Female,F,50,679058,7.4
,Hawaii,15,2010,2010,Male,M,104,681243,15.3
,Hawaii,15,2011,2011,Female,F,63,685005,9.2
,Hawaii,15,2011,2011,Male,M,126,689805,18.3
,Hawaii,15,2012,2012,Female,F,57,690348,8.3
,Hawaii,15,2012,2012,Male,M,102,701965,14.5
,Hawaii,15,2013,2013,Female,F,53,694440,7.6
,Hawaii,15,2013,2013,Male,M,114,709614,16.1
,Hawaii,15,2014,2014,Female,F,56,701462,8
,Hawaii,15,2014,2014,Male,M,118,718099,16.4
,Hawaii,15,2015,2015,Female,F,51,706231,7.2
,Hawaii,15,2015,2015,Male,M,124,725372,17.1
,Idaho,16,1999,1999,Female,F,27,636798,4.2
,Idaho,16,1999,1999,Male,M,39,638876,6.1
,Idaho,16,2000,2000,Female,F,29,645293,4.5
,Idaho,16,2000,2000,Male,M,41,648660,6.3
,Idaho,16,2001,2001,Female,F,43,658043,6.5
,Idaho,16,2001,2001,Male,M,56,661919,8.5
,Idaho,16,2002,2002,Female,F,58,668686,8.7
,Idaho,16,2002,2002,Male,M,65,671686,9.7
,Idaho,16,2003,2003,Female,F,54,679877,7.9
,Idaho,16,2003,2003,Male,M,64,683503,9.4
,Idaho,16,2004,2004,Female,F,53,693186,7.6
,Idaho,16,2004,2004,Male,M,60,698616,8.6
,Idaho,16,2005,2005,Female,F,43,711983,6
,Idaho,16,2005,2005,Male,M,75,716258,10.5
,Idaho,16,2006,2006,Female,F,66,732104,9
,Idaho,16,2006,2006,Male,M,81,736565,11
,Idaho,16,2007,2007,Female,F,67,750127,8.9
,Idaho,16,2007,2007,Male,M,66,754978,8.7
,Idaho,16,2008,2008,Female,F,72,764792,9.4
,Idaho,16,2008,2008,Male,M,80,769528,10.4
,Idaho,16,2009,2009,Female,F,101,775398,13
,Idaho,16,2009,2009,Male,M,80,779041,10.3
,Idaho,16,2010,2010,Female,F,98,782258,12.5
,Idaho,16,2010,2010,Male,M,86,785324,11
,Idaho,16,2011,2011,Female,F,97,791358,12.3
,Idaho,16,2011,2011,Male,M,102,793627,12.9
,Idaho,16,2012,2012,Female,F,89,797116,11.2
,Idaho,16,2012,2012,Male,M,99,798612,12.4
,Idaho,16,2013,2013,Female,F,107,805052,13.3
,Idaho,16,2013,2013,Male,M,110,807084,13.6
,Idaho,16,2014,2014,Female,F,117,815968,14.3
,Idaho,16,2014,2014,Male,M,101,818496,12.3
,Idaho,16,2015,2015,Female,F,110,826183,13.3
,Idaho,16,2015,2015,Male,M,114,828747,13.8
,Illinois,17,1999,1999,Female,F,241,6313350,3.8
,Illinois,17,1999,1999,Male,M,631,6045670,10.4
,Illinois,17,2000,2000,Female,F,262,6338957,4.1
,Illinois,17,2000,2000,Male,M,648,6080336,10.7
,Illinois,17,2001,2001,Female,F,278,6370443,4.4
,Illinois,17,2001,2001,Male,M,652,6118002,10.7
,Illinois,17,2002,2002,Female,F,329,6387897,5.2
,Illinois,17,2002,2002,Male,M,701,6137659,11.4
,Illinois,17,2003,2003,Female,F,285,6402859,4.5
,Illinois,17,2003,2003,Male,M,587,6153147,9.5
,Illinois,17,2004,2004,Female,F,333,6414209,5.2
,Illinois,17,2004,2004,Male,M,747,6175564,12.1
,Illinois,17,2005,2005,Female,F,360,6423831,5.6
,Illinois,17,2005,2005,Male,M,780,6186072,12.6
,Illinois,17,2006,2006,Female,F,399,6440022,6.2
,Illinois,17,2006,2006,Male,M,1024,6203933,16.5
,Illinois,17,2007,2007,Female,F,430,6467577,6.6
,Illinois,17,2007,2007,Male,M,809,6228289,13
,Illinois,17,2008,2008,Female,F,454,6493537,7
,Illinois,17,2008,2008,Male,M,958,6253501,15.3
,Illinois,17,2009,2009,Female,F,460,6520723,7.1
,Illinois,17,2009,2009,Male,M,967,6276055,15.4
,Illinois,17,2010,2010,Female,F,449,6538356,6.9
,Illinois,17,2010,2010,Male,M,895,6292276,14.2
,Illinois,17,2011,2011,Female,F,478,6555063,7.3
,Illinois,17,2011,2011,Male,M,981,6314194,15.5
,Illinois,17,2012,2012,Female,F,525,6555800,8
,Illinois,17,2012,2012,Male,M,1142,6319455,18.1
,Illinois,17,2013,2013,Female,F,521,6555652,7.9
,Illinois,17,2013,2013,Male,M,1086,6326483,17.2
,Illinois,17,2014,2014,Female,F,614,6559694,9.4
,Illinois,17,2014,2014,Male,M,1122,6320886,17.8
,Illinois,17,2015,2015,Female,F,658,6545500,10.1
,Illinois,17,2015,2015,Male,M,1214,6314495,19.2
,Indiana,18,1999,1999,Female,F,96,3083351,3.1
,Indiana,18,1999,1999,Male,M,155,2961618,5.2
,Indiana,18,2000,2000,Female,F,99,3098011,3.2
,Indiana,18,2000,2000,Male,M,190,2982474,6.4
,Indiana,18,2001,2001,Female,F,123,3120158,3.9
,Indiana,18,2001,2001,Male,M,225,3007602,7.5
,Indiana,18,2002,2002,Female,F,142,3133342,4.5
,Indiana,18,2002,2002,Male,M,203,3022625,6.7
,Indiana,18,2003,2003,Female,F,197,3152366,6.2
,Indiana,18,2003,2003,Male,M,301,3044272,9.9
,Indiana,18,2004,2004,Female,F,236,3168952,7.4
,Indiana,18,2004,2004,Male,M,370,3064055,12.1
,Indiana,18,2005,2005,Female,F,270,3191481,8.5
,Indiana,18,2005,2005,Male,M,395,3087135,12.8
,Indiana,18,2006,2006,Female,F,289,3218203,9
,Indiana,18,2006,2006,Male,M,484,3114466,15.5
,Indiana,18,2007,2007,Female,F,323,3241454,10
,Indiana,18,2007,2007,Male,M,504,3138145,16.1
,Indiana,18,2008,2008,Female,F,329,3263963,10.1
,Indiana,18,2008,2008,Male,M,540,3160843,17.1
,Indiana,18,2009,2009,Female,F,357,3281477,10.9
,Indiana,18,2009,2009,Male,M,572,3177848,18
,Indiana,18,2010,2010,Female,F,410,3294065,12.4
,Indiana,18,2010,2010,Male,M,554,3189737,17.4
,Indiana,18,2011,2011,Female,F,403,3309937,12.2
,Indiana,18,2011,2011,Male,M,603,3206985,18.8
,Indiana,18,2012,2012,Female,F,404,3319144,12.2
,Indiana,18,2012,2012,Male,M,652,3218190,20.3
,Indiana,18,2013,2013,Female,F,458,3334634,13.7
,Indiana,18,2013,2013,Male,M,664,3236268,20.5
,Indiana,18,2014,2014,Female,F,499,3347411,14.9
,Indiana,18,2014,2014,Male,M,734,3249444,22.6
,Indiana,18,2015,2015,Female,F,494,3357815,14.7
,Indiana,18,2015,2015,Male,M,816,3261865,25
,Iowa,19,1999,1999,Female,F,24,1488223,1.6
,Iowa,19,1999,1999,Male,M,35,1429411,2.4
,Iowa,19,2000,2000,Female,F,32,1490809,2.1
,Iowa,19,2000,2000,Male,M,47,1435515,3.3
,Iowa,19,2001,2001,Female,F,40,1492287,2.7
,Iowa,19,2001,2001,Male,M,50,1439710,3.5
,Iowa,19,2002,2002,Female,F,51,1491450,3.4
,Iowa,19,2002,2002,Male,M,50,1442784,3.5
,Iowa,19,2003,2003,Female,F,45,1493907,3
,Iowa,19,2003,2003,Male,M,65,1448092,4.5
,Iowa,19,2004,2004,Female,F,65,1498888,4.3
,Iowa,19,2004,2004,Male,M,67,1454747,4.6
,Iowa,19,2005,2005,Female,F,75,1503019,5
,Iowa,19,2005,2005,Male,M,79,1461435,5.4
,Iowa,19,2006,2006,Female,F,83,1511124,5.5
,Iowa,19,2006,2006,Male,M,116,1471520,7.9
,Iowa,19,2007,2007,Female,F,82,1518023,5.4
,Iowa,19,2007,2007,Male,M,129,1481189,8.7
,Iowa,19,2008,2008,Female,F,90,1525539,5.9
,Iowa,19,2008,2008,Male,M,124,1491195,8.3
,Iowa,19,2009,2009,Female,F,88,1532739,5.7
,Iowa,19,2009,2009,Male,M,125,1500131,8.3
,Iowa,19,2010,2010,Female,F,106,1538036,6.9
,Iowa,19,2010,2010,Male,M,152,1508319,10.1
,Iowa,19,2011,2011,Female,F,112,1544894,7.2
,Iowa,19,2011,2011,Male,M,153,1517415,10.1
,Iowa,19,2012,2012,Female,F,122,1549698,7.9
,Iowa,19,2012,2012,Male,M,146,1524488,9.6
,Iowa,19,2013,2013,Female,F,128,1557015,8.2
,Iowa,19,2013,2013,Male,M,159,1533401,10.4
,Iowa,19,2014,2014,Female,F,121,1564081,7.7
,Iowa,19,2014,2014,Male,M,152,1543045,9.9
,Iowa,19,2015,2015,Female,F,138,1571873,8.8
,Iowa,19,2015,2015,Male,M,194,1552026,12.5
,Kansas,20,1999,1999,Female,F,36,1356044,2.7
,Kansas,20,1999,1999,Male,M,64,1322294,4.8
,Kansas,20,2000,2000,Female,F,39,1359944,2.9
,Kansas,20,2000,2000,Male,M,73,1328474,5.5
,Kansas,20,2001,2001,Female,F,68,1365966,5
,Kansas,20,2001,2001,Male,M,80,1336196,6
,Kansas,20,2002,2002,Female,F,75,1371898,5.5
,Kansas,20,2002,2002,Male,M,114,1341637,8.5
,Kansas,20,2003,2003,Female,F,83,1377415,6
,Kansas,20,2003,2003,Male,M,114,1345589,8.5
,Kansas,20,2004,2004,Female,F,100,1382396,7.2
,Kansas,20,2004,2004,Male,M,138,1351977,10.2
,Kansas,20,2005,2005,Female,F,105,1387958,7.6
,Kansas,20,2005,2005,Male,M,179,1357341,13.2
,Kansas,20,2006,2006,Female,F,126,1394092,9
,Kansas,20,2006,2006,Male,M,166,1368839,12.1
,Kansas,20,2007,2007,Female,F,125,1405705,8.9
,Kansas,20,2007,2007,Male,M,169,1378080,12.3
,Kansas,20,2008,2008,Female,F,118,1415563,8.3
,Kansas,20,2008,2008,Male,M,123,1392513,8.8
,Kansas,20,2009,2009,Female,F,147,1428139,10.3
,Kansas,20,2009,2009,Male,M,171,1404565,12.2
,Kansas,20,2010,2010,Female,F,120,1437710,8.3
,Kansas,20,2010,2010,Male,M,168,1415408,11.9
,Kansas,20,2011,2011,Female,F,149,1445436,10.3
,Kansas,20,2011,2011,Male,M,168,1425802,11.8
,Kansas,20,2012,2012,Female,F,144,1450624,9.9
,Kansas,20,2012,2012,Male,M,197,1435281,13.7
,Kansas,20,2013,2013,Female,F,165,1452009,11.4
,Kansas,20,2013,2013,Male,M,191,1441948,13.2
,Kansas,20,2014,2014,Female,F,165,1456666,11.3
,Kansas,20,2014,2014,Male,M,184,1447355,12.7
,Kansas,20,2015,2015,Female,F,144,1458008,9.9
,Kansas,20,2015,2015,Male,M,205,1453633,14.1
,Kentucky,21,1999,1999,Female,F,79,2056401,3.8
,Kentucky,21,1999,1999,Male,M,136,1961652,6.9
,Kentucky,21,2000,2000,Female,F,91,2066401,4.4
,Kentucky,21,2000,2000,Male,M,166,1975368,8.4
,Kentucky,21,2001,2001,Female,F,140,2076871,6.7
,Kentucky,21,2001,2001,Male,M,230,1991261,11.6
,Kentucky,21,2002,2002,Female,F,162,2087223,7.8
,Kentucky,21,2002,2002,Male,M,289,2002652,14.4
,Kentucky,21,2003,2003,Female,F,241,2102308,11.5
,Kentucky,21,2003,2003,Male,M,347,2014862,17.2
,Kentucky,21,2004,2004,Female,F,215,2112051,10.2
,Kentucky,21,2004,2004,Male,M,344,2034050,16.9
,Kentucky,21,2005,2005,Female,F,230,2129658,10.8
,Kentucky,21,2005,2005,Male,M,432,2053084,21
,Kentucky,21,2006,2006,Female,F,287,2149096,13.4
,Kentucky,21,2006,2006,Male,M,479,2070143,23.1
,Kentucky,21,2007,2007,Female,F,258,2164210,11.9
,Kentucky,21,2007,2007,Male,M,464,2092462,22.2
,Kentucky,21,2008,2008,Female,F,316,2183532,14.5
,Kentucky,21,2008,2008,Male,M,463,2106346,22
,Kentucky,21,2009,2009,Female,F,302,2193136,13.8
,Kentucky,21,2009,2009,Male,M,484,2123938,22.8
,Kentucky,21,2010,2010,Female,F,402,2204415,18.2
,Kentucky,21,2010,2010,Male,M,634,2134952,29.7
,Kentucky,21,2011,2011,Female,F,428,2219482,19.3
,Kentucky,21,2011,2011,Male,M,671,2149874,31.2
,Kentucky,21,2012,2012,Female,F,449,2222704,20.2
,Kentucky,21,2012,2012,Male,M,677,2157711,31.4
,Kentucky,21,2013,2013,Female,F,401,2231899,18
,Kentucky,21,2013,2013,Male,M,648,2163396,30
,Kentucky,21,2014,2014,Female,F,441,2240299,19.7
,Kentucky,21,2014,2014,Male,M,687,2173158,31.6
,Kentucky,21,2015,2015,Female,F,533,2245998,23.7
,Kentucky,21,2015,2015,Male,M,799,2179094,36.7
,Louisiana,22,1999,1999,Female,F,79,2302744,3.4
,Louisiana,22,1999,1999,Male,M,167,2158067,7.7
,Louisiana,22,2000,2000,Female,F,115,2306073,5
,Louisiana,22,2000,2000,Male,M,220,2162903,10.2
,Louisiana,22,2001,2001,Female,F,103,2308063,4.5
,Louisiana,22,2001,2001,Male,M,248,2169812,11.4
,Louisiana,22,2002,2002,Female,F,148,2315524,6.4
,Louisiana,22,2002,2002,Male,M,320,2181743,14.7
,Louisiana,22,2003,2003,Female,F,212,2327153,9.1
,Louisiana,22,2003,2003,Male,M,418,2193889,19.1
,Louisiana,22,2004,2004,Female,F,219,2338753,9.4
,Louisiana,22,2004,2004,Male,M,437,2213485,19.7
,Louisiana,22,2005,2005,Female,F,230,2349441,9.8
,Louisiana,22,2005,2005,Male,M,522,2227187,23.4
,Louisiana,22,2006,2006,Female,F,249,2204072,11.3
,Louisiana,22,2006,2006,Male,M,551,2098593,26.3
,Louisiana,22,2007,2007,Female,F,302,2239125,13.5
,Louisiana,22,2007,2007,Male,M,560,2136456,26.2
,Louisiana,22,2008,2008,Female,F,264,2269630,11.6
,Louisiana,22,2008,2008,Male,M,422,2165956,19.5
,Louisiana,22,2009,2009,Female,F,231,2295199,10.1
,Louisiana,22,2009,2009,Male,M,392,2196449,17.8
,Louisiana,22,2010,2010,Female,F,249,2314080,10.8
,Louisiana,22,2010,2010,Male,M,367,2219292,16.5
,Louisiana,22,2011,2011,Female,F,255,2336467,10.9
,Louisiana,22,2011,2011,Male,M,363,2238369,16.2
,Louisiana,22,2012,2012,Female,F,240,2349843,10.2
,Louisiana,22,2012,2012,Male,M,348,2252050,15.5
,Louisiana,22,2013,2013,Female,F,318,2361537,13.5
,Louisiana,22,2013,2013,Male,M,518,2263933,22.9
,Louisiana,22,2014,2014,Female,F,289,2375737,12.2
,Louisiana,22,2014,2014,Male,M,521,2273939,22.9
,Louisiana,22,2015,2015,Female,F,347,2386915,14.5
,Louisiana,22,2015,2015,Male,M,554,2283809,24.3
,Maine,23,1999,1999,Female,F,30,650598,4.6
,Maine,23,1999,1999,Male,M,40,616210,6.5
,Maine,23,2000,2000,Female,F,18,654614,
,Maine,23,2000,2000,Male,M,44,620309,7.1
,Maine,23,2001,2001,Female,F,30,659657,4.5
,Maine,23,2001,2001,Male,M,62,626035,9.9
,Maine,23,2002,2002,Female,F,66,664226,9.9
,Maine,23,2002,2002,Male,M,81,631734,12.8
,Maine,23,2003,2003,Female,F,51,668680,7.6
,Maine,23,2003,2003,Male,M,83,637833,13
,Maine,23,2004,2004,Female,F,52,671862,7.7
,Maine,23,2004,2004,Male,M,93,641826,14.5
,Maine,23,2005,2005,Female,F,68,674104,10.1
,Maine,23,2005,2005,Male,M,100,644683,15.5
,Maine,23,2006,2006,Female,F,58,676157,8.6
,Maine,23,2006,2006,Male,M,108,647462,16.7
,Maine,23,2007,2007,Female,F,54,677797,8
,Maine,23,2007,2007,Male,M,107,649243,16.5
,Maine,23,2008,2008,Female,F,65,679413,9.6
,Maine,23,2008,2008,Male,M,97,651096,14.9
,Maine,23,2009,2009,Female,F,75,678694,11.1
,Maine,23,2009,2009,Male,M,107,650896,16.4
,Maine,23,2010,2010,Female,F,58,678305,8.6
,Maine,23,2010,2010,Male,M,82,650056,12.6
,Maine,23,2011,2011,Female,F,63,678125,9.3
,Maine,23,2011,2011,Male,M,97,650063,14.9
,Maine,23,2012,2012,Female,F,55,678914,8.1
,Maine,23,2012,2012,Male,M,102,650278,15.7
,Maine,23,2013,2013,Female,F,74,678082,10.9
,Maine,23,2013,2013,Male,M,109,650220,16.8
,Maine,23,2014,2014,Female,F,78,678818,11.5
,Maine,23,2014,2014,Male,M,149,651271,22.9
,Maine,23,2015,2015,Female,F,89,678071,13.1
,Maine,23,2015,2015,Male,M,189,651257,29
,Maryland,24,1999,1999,Female,F,160,2716928,5.9
,Maryland,24,1999,1999,Male,M,500,2537581,19.7
,Maryland,24,2000,2000,Female,F,175,2738692,6.4
,Maryland,24,2000,2000,Male,M,482,2557794,18.8
,Maryland,24,2001,2001,Female,F,185,2779864,6.7
,Maryland,24,2001,2001,Male,M,491,2594827,18.9
,Maryland,24,2002,2002,Female,F,249,2815197,8.8
,Maryland,24,2002,2002,Male,M,510,2625192,19.4
,Maryland,24,2003,2003,Female,F,253,2843847,8.9
,Maryland,24,2003,2003,Male,M,581,2652422,21.9
,Maryland,24,2004,2004,Female,F,240,2870043,8.4
,Maryland,24,2004,2004,Male,M,481,2676892,18
,Maryland,24,2005,2005,Female,F,227,2891761,7.8
,Maryland,24,2005,2005,Male,M,469,2700618,17.4
,Maryland,24,2006,2006,Female,F,253,2907963,8.7
,Maryland,24,2006,2006,Male,M,552,2719404,20.3
,Maryland,24,2007,2007,Female,F,267,2920109,9.1
,Maryland,24,2007,2007,Male,M,540,2733299,19.8
,Maryland,24,2008,2008,Female,F,243,2935788,8.3
,Maryland,24,2008,2008,Male,M,488,2749177,17.8
,Maryland,24,2009,2009,Female,F,238,2960001,8
,Maryland,24,2009,2009,Male,M,530,2770387,19.1
,Maryland,24,2010,2010,Female,F,246,2981790,8.3
,Maryland,24,2010,2010,Male,M,428,2791762,15.3
,Maryland,24,2011,2011,Female,F,265,3007715,8.8
,Maryland,24,2011,2011,Male,M,466,2820574,16.5
,Maryland,24,2012,2012,Female,F,302,3034160,10
,Maryland,24,2012,2012,Male,M,558,2850403,19.6
,Maryland,24,2013,2013,Female,F,314,3054052,10.3
,Maryland,24,2013,2013,Male,M,594,2874762,20.7
,Maryland,24,2014,2014,Female,F,340,3079989,11
,Maryland,24,2014,2014,Male,M,755,2896418,26.1
,Maryland,24,2015,2015,Female,F,412,3095316,13.3
,Maryland,24,2015,2015,Male,M,908,2911085,31.2
,Massachusetts,25,1999,1999,Female,F,171,3274830,5.2
,Massachusetts,25,1999,1999,Male,M,341,3042515,11.2
,Massachusetts,25,2000,2000,Female,F,149,3290281,4.5
,Massachusetts,25,2000,2000,Male,M,335,3058816,11
,Massachusetts,25,2001,2001,Female,F,220,3312567,6.6
,Massachusetts,25,2001,2001,Male,M,494,3085067,16
,Massachusetts,25,2002,2002,Female,F,242,3319436,7.3
,Massachusetts,25,2002,2002,Male,M,494,3097770,15.9
,Massachusetts,25,2003,2003,Female,F,263,3320817,7.9
,Massachusetts,25,2003,2003,Male,M,613,3101748,19.8
,Massachusetts,25,2004,2004,Female,F,231,3314634,7
,Massachusetts,25,2004,2004,Male,M,473,3097647,15.3
,Massachusetts,25,2005,2005,Female,F,288,3309010,8.7
,Massachusetts,25,2005,2005,Male,M,579,3094280,18.7
,Massachusetts,25,2006,2006,Female,F,338,3311185,10.2
,Massachusetts,25,2006,2006,Male,M,683,3098899,22
,Massachusetts,25,2007,2007,Female,F,359,3321653,10.8
,Massachusetts,25,2007,2007,Male,M,644,3109906,20.7
,Massachusetts,25,2008,2008,Female,F,261,3340730,7.8
,Massachusetts,25,2008,2008,Male,M,624,3128237,19.9
,Massachusetts,25,2009,2009,Female,F,290,3365859,8.6
,Massachusetts,25,2009,2009,Male,M,626,3151754,19.9
,Massachusetts,25,2010,2010,Female,F,270,3381001,8
,Massachusetts,25,2010,2010,Male,M,566,3166628,17.9
,Massachusetts,25,2011,2011,Female,F,330,3397995,9.7
,Massachusetts,25,2011,2011,Male,M,687,3189541,21.5
,Massachusetts,25,2012,2012,Female,F,321,3425771,9.4
,Massachusetts,25,2012,2012,Male,M,655,3220373,20.3
,Massachusetts,25,2013,2013,Female,F,397,3448008,11.5
,Massachusetts,25,2013,2013,Male,M,803,3244816,24.7
,Massachusetts,25,2014,2014,Female,F,423,3474584,12.2
,Massachusetts,25,2014,2014,Male,M,979,3270824,29.9
,Massachusetts,25,2015,2015,Female,F,502,3498304,14.3
,Massachusetts,25,2015,2015,Male,M,1349,3296118,40.9
,Michigan,26,1999,1999,Female,F,245,5047770,4.9
,Michigan,26,1999,1999,Male,M,463,4849346,9.5
,Michigan,26,2000,2000,Female,F,291,5065349,5.7
,Michigan,26,2000,2000,Male,M,580,4873095,11.9
,Michigan,26,2001,2001,Female,F,342,5089289,6.7
,Michigan,26,2001,2001,Male,M,613,4901831,12.5
,Michigan,26,2002,2002,Female,F,392,5100171,7.7
,Michigan,26,2002,2002,Male,M,688,4915539,14
,Michigan,26,2003,2003,Female,F,426,5110521,8.3
,Michigan,26,2003,2003,Male,M,636,4930631,12.9
,Michigan,26,2004,2004,Female,F,426,5117929,8.3
,Michigan,26,2004,2004,Male,M,782,4937386,15.8
,Michigan,26,2005,2005,Female,F,517,5114320,10.1
,Michigan,26,2005,2005,Male,M,881,4936817,17.8
,Michigan,26,2006,2006,Female,F,599,5106621,11.7
,Michigan,26,2006,2006,Male,M,1062,4929460,21.5
,Michigan,26,2007,2007,Female,F,556,5091035,10.9
,Michigan,26,2007,2007,Male,M,986,4910249,20.1
,Michigan,26,2008,2008,Female,F,615,5065899,12.1
,Michigan,26,2008,2008,Male,M,960,4880990,19.7
,Michigan,26,2009,2009,Female,F,654,5044338,13
,Michigan,26,2009,2009,Male,M,1096,4857253,22.6
,Michigan,26,2010,2010,Female,F,718,5035526,14.3
,Michigan,26,2010,2010,Male,M,1005,4848114,20.7
,Michigan,26,2011,2011,Female,F,676,5030242,13.4
,Michigan,26,2011,2011,Male,M,1026,4845945,21.2
,Michigan,26,2012,2012,Female,F,690,5032849,13.7
,Michigan,26,2012,2012,Male,M,933,4850511,19.2
,Michigan,26,2013,2013,Female,F,712,5036338,14.1
,Michigan,26,2013,2013,Male,M,1100,4859284,22.6
,Michigan,26,2014,2014,Female,F,807,5041414,16
,Michigan,26,2014,2014,Male,M,1241,4868463,25.5
,Michigan,26,2015,2015,Female,F,923,5044428,18.3
,Michigan,26,2015,2015,Male,M,1393,4878148,28.6
,Minnesota,27,1999,1999,Female,F,58,2462931,2.4
,Minnesota,27,1999,1999,Male,M,111,2410550,4.6
,Minnesota,27,2000,2000,Female,F,62,2483848,2.5
,Minnesota,27,2000,2000,Male,M,99,2435631,4.1
,Minnesota,27,2001,2001,Female,F,77,2514149,3.1
,Minnesota,27,2001,2001,Male,M,149,2468647,6
,Minnesota,27,2002,2002,Female,F,83,2531205,3.3
,Minnesota,27,2002,2002,Male,M,158,2487730,6.4
,Minnesota,27,2003,2003,Female,F,108,2546999,4.2
,Minnesota,27,2003,2003,Male,M,188,2506573,7.5
,Minnesota,27,2004,2004,Female,F,112,2564037,4.4
,Minnesota,27,2004,2004,Male,M,190,2523676,7.5
,Minnesota,27,2005,2005,Female,F,119,2579546,4.6
,Minnesota,27,2005,2005,Male,M,219,2540052,8.6
,Minnesota,27,2006,2006,Female,F,128,2600951,4.9
,Minnesota,27,2006,2006,Male,M,250,2562604,9.8
,Minnesota,27,2007,2007,Female,F,136,2622551,5.2
,Minnesota,27,2007,2007,Male,M,223,2584652,8.6
,Minnesota,27,2008,2008,Female,F,162,2642672,6.1
,Minnesota,27,2008,2008,Male,M,236,2604346,9.1
,Minnesota,27,2009,2009,Female,F,169,2659958,6.4
,Minnesota,27,2009,2009,Male,M,272,2621245,10.4
,Minnesota,27,2010,2010,Female,F,199,2671793,7.4
,Minnesota,27,2010,2010,Male,M,228,2632132,8.7
,Minnesota,27,2011,2011,Female,F,216,2689958,8
,Minnesota,27,2011,2011,Male,M,341,2654903,12.8
,Minnesota,27,2012,2012,Female,F,224,2706970,8.3
,Minnesota,27,2012,2012,Male,M,315,2672169,11.8
,Minnesota,27,2013,2013,Female,F,231,2727081,8.5
,Minnesota,27,2013,2013,Male,M,348,2693299,12.9
,Minnesota,27,2014,2014,Female,F,239,2745132,8.7
,Minnesota,27,2014,2014,Male,M,347,2712041,12.8
,Minnesota,27,2015,2015,Female,F,261,2759730,9.5
,Minnesota,27,2015,2015,Male,M,392,2729864,14.4
,Mississippi,28,1999,1999,Female,F,43,1464581,2.9
,Mississippi,28,1999,1999,Male,M,58,1363827,4.3
,Mississippi,28,2000,2000,Female,F,58,1471104,3.9
,Mississippi,28,2000,2000,Male,M,65,1373554,4.7
,Mississippi,28,2001,2001,Female,F,62,1473486,4.2
,Mississippi,28,2001,2001,Male,M,121,1379508,8.8
,Mississippi,28,2002,2002,Female,F,72,1475412,4.9
,Mississippi,28,2002,2002,Male,M,130,1383269,9.4
,Mississippi,28,2003,2003,Female,F,85,1479611,5.7
,Mississippi,28,2003,2003,Male,M,140,1388701,10.1
,Mississippi,28,2004,2004,Female,F,92,1490115,6.2
,Mississippi,28,2004,2004,Male,M,153,1398895,10.9
,Mississippi,28,2005,2005,Female,F,109,1497962,7.3
,Mississippi,28,2005,2005,Male,M,154,1407981,10.9
,Mississippi,28,2006,2006,Female,F,130,1496313,8.7
,Mississippi,28,2006,2006,Male,M,238,1408665,16.9
,Mississippi,28,2007,2007,Female,F,129,1507071,8.6
,Mississippi,28,2007,2007,Male,M,205,1421279,14.4
,Mississippi,28,2008,2008,Female,F,140,1516955,9.2
,Mississippi,28,2008,2008,Male,M,181,1430851,12.6
,Mississippi,28,2009,2009,Female,F,148,1522000,9.7
,Mississippi,28,2009,2009,Male,M,197,1436774,13.7
,Mississippi,28,2010,2010,Female,F,152,1526057,10
,Mississippi,28,2010,2010,Male,M,201,1441240,13.9
,Mississippi,28,2011,2011,Female,F,153,1531968,10
,Mississippi,28,2011,2011,Male,M,164,1446544,11.3
,Mississippi,28,2012,2012,Female,F,161,1535635,10.5
,Mississippi,28,2012,2012,Male,M,167,1449291,11.5
,Mississippi,28,2013,2013,Female,F,150,1536620,9.8
,Mississippi,28,2013,2013,Male,M,177,1454587,12.2
,Mississippi,28,2014,2014,Female,F,167,1539523,10.8
,Mississippi,28,2014,2014,Male,M,194,1454556,13.3
,Mississippi,28,2015,2015,Female,F,141,1540483,9.2
,Mississippi,28,2015,2015,Male,M,228,1451850,15.7
,Missouri,29,1999,1999,Female,F,96,2860166,3.4
,Missouri,29,1999,1999,Male,M,198,2701782,7.3
,Missouri,29,2000,2000,Female,F,125,2875034,4.3
,Missouri,29,2000,2000,Male,M,202,2720177,7.4
,Missouri,29,2001,2001,Female,F,155,2895476,5.4
,Missouri,29,2001,2001,Male,M,226,2745666,8.2
,Missouri,29,2002,2002,Female,F,167,2910476,5.7
,Missouri,29,2002,2002,Male,M,276,2764349,10
,Missouri,29,2003,2003,Female,F,208,2926556,7.1
,Missouri,29,2003,2003,Male,M,342,2782847,12.3
,Missouri,29,2004,2004,Female,F,224,2942685,7.6
,Missouri,29,2004,2004,Male,M,350,2805056,12.5
,Missouri,29,2005,2005,Female,F,245,2962870,8.3
,Missouri,29,2005,2005,Male,M,395,2827430,14
,Missouri,29,2006,2006,Female,F,300,2987563,10
,Missouri,29,2006,2006,Male,M,465,2855141,16.3
,Missouri,29,2007,2007,Female,F,295,3007493,9.8
,Missouri,29,2007,2007,Male,M,435,2880119,15.1
,Missouri,29,2008,2008,Female,F,297,3024837,9.8
,Missouri,29,2008,2008,Male,M,482,2899079,16.6
,Missouri,29,2009,2009,Female,F,323,3042021,10.6
,Missouri,29,2009,2009,Male,M,558,2919067,19.1
,Missouri,29,2010,2010,Female,F,387,3055450,12.7
,Missouri,29,2010,2010,Male,M,637,2933477,21.7
,Missouri,29,2011,2011,Female,F,393,3066254,12.8
,Missouri,29,2011,2011,Male,M,597,2944434,20.3
,Missouri,29,2012,2012,Female,F,383,3070952,12.5
,Missouri,29,2012,2012,Male,M,578,2951036,19.6
,Missouri,29,2013,2013,Female,F,441,3080214,14.3
,Missouri,29,2013,2013,Male,M,600,2963957,20.2
,Missouri,29,2014,2014,Female,F,450,3089367,14.6
,Missouri,29,2014,2014,Male,M,657,2974222,22.1
,Missouri,29,2015,2015,Female,F,457,3098627,14.7
,Missouri,29,2015,2015,Male,M,641,2985045,21.5
,Montana,30,1999,1999,Female,F,26,450543,5.8
,Montana,30,1999,1999,Male,M,22,446964,4.9
,Montana,30,2000,2000,Female,F,19,452715,
,Montana,30,2000,2000,Male,M,28,449480,6.2
,Montana,30,2001,2001,Female,F,25,454683,5.5
,Montana,30,2001,2001,Male,M,37,452278,8.2
,Montana,30,2002,2002,Female,F,40,456712,8.8
,Montana,30,2002,2002,Male,M,45,454955,9.9
,Montana,30,2003,2003,Female,F,54,460116,11.7
,Montana,30,2003,2003,Male,M,62,459514,13.5
,Montana,30,2004,2004,Female,F,55,465000,11.8
,Montana,30,2004,2004,Male,M,64,465009,13.8
,Montana,30,2005,2005,Female,F,52,469780,11.1
,Montana,30,2005,2005,Male,M,67,470322,14.2
,Montana,30,2006,2006,Female,F,46,475341,9.7
,Montana,30,2006,2006,Male,M,75,477351,15.7
,Montana,30,2007,2007,Female,F,57,480939,11.9
,Montana,30,2007,2007,Male,M,75,483767,15.5
,Montana,30,2008,2008,Female,F,65,486477,13.4
,Montana,30,2008,2008,Male,M,76,489938,15.5
,Montana,30,2009,2009,Female,F,71,490122,14.5
,Montana,30,2009,2009,Male,M,76,493860,15.4
,Montana,30,2010,2010,Female,F,57,492748,11.6
,Montana,30,2010,2010,Male,M,66,496667,13.3
,Montana,30,2011,2011,Female,F,77,496966,15.5
,Montana,30,2011,2011,Male,M,73,501233,14.6
,Montana,30,2012,2012,Female,F,64,500192,12.8
,Montana,30,2012,2012,Male,M,65,504949,12.9
,Montana,30,2013,2013,Female,F,72,505367,14.2
,Montana,30,2013,2013,Male,M,84,509798,16.5
,Montana,30,2014,2014,Female,F,71,509456,13.9
,Montana,30,2014,2014,Male,M,74,514123,14.4
,Montana,30,2015,2015,Female,F,71,513619,13.8
,Montana,30,2015,2015,Male,M,81,519330,15.6
,Nebraska,31,1999,1999,Female,F,19,865531,
,Nebraska,31,1999,1999,Male,M,22,839233,2.6
,Nebraska,31,2000,2000,Female,F,20,867912,2.3
,Nebraska,31,2000,2000,Male,M,32,843351,3.8
,Nebraska,31,2001,2001,Female,F,32,871208,3.7
,Nebraska,31,2001,2001,Male,M,37,848628,4.4
,Nebraska,31,2002,2002,Female,F,27,874803,3.1
,Nebraska,31,2002,2002,Male,M,42,853489,4.9
,Nebraska,31,2003,2003,Female,F,33,879362,3.8
,Nebraska,31,2003,2003,Male,M,55,859281,6.4
,Nebraska,31,2004,2004,Female,F,38,883984,4.3
,Nebraska,31,2004,2004,Male,M,53,865386,6.1
,Nebraska,31,2005,2005,Female,F,63,889468,7.1
,Nebraska,31,2005,2005,Male,M,66,872029,7.6
,Nebraska,31,2006,2006,Female,F,63,894687,7
,Nebraska,31,2006,2006,Male,M,68,878006,7.7
,Nebraska,31,2007,2007,Female,F,43,900106,4.8
,Nebraska,31,2007,2007,Male,M,49,883334,5.5
,Nebraska,31,2008,2008,Female,F,50,905814,5.5
,Nebraska,31,2008,2008,Male,M,63,890564,7.1
,Nebraska,31,2009,2009,Female,F,63,913619,6.9
,Nebraska,31,2009,2009,Male,M,55,899064,6.1
,Nebraska,31,2010,2010,Female,F,62,920045,6.7
,Nebraska,31,2010,2010,Male,M,68,906296,7.5
,Nebraska,31,2011,2011,Female,F,72,927392,7.8
,Nebraska,31,2011,2011,Male,M,76,915249,8.3
,Nebraska,31,2012,2012,Female,F,85,933223,9.1
,Nebraska,31,2012,2012,Male,M,69,922302,7.5
,Nebraska,31,2013,2013,Female,F,69,938690,7.4
,Nebraska,31,2013,2013,Male,M,68,929826,7.3
,Nebraska,31,2014,2014,Female,F,68,944640,7.2
,Nebraska,31,2014,2014,Male,M,72,936863,7.7
,Nebraska,31,2015,2015,Female,F,59,951022,6.2
,Nebraska,31,2015,2015,Male,M,80,945168,8.5
,Nevada,32,1999,1999,Female,F,92,949422,9.7
,Nevada,32,1999,1999,Male,M,144,985296,14.6
,Nevada,32,2000,2000,Female,F,94,980206,9.6
,Nevada,32,2000,2000,Male,M,187,1018051,18.4
,Nevada,32,2001,2001,Female,F,108,1030850,10.5
,Nevada,32,2001,2001,Male,M,160,1067549,15
,Nevada,32,2002,2002,Female,F,117,1069764,10.9
,Nevada,32,2002,2002,Male,M,215,1104027,19.5
,Nevada,32,2003,2003,Female,F,138,1108135,12.5
,Nevada,32,2003,2003,Male,M,212,1140715,18.6
,Nevada,32,2004,2004,Female,F,158,1156586,13.7
,Nevada,32,2004,2004,Male,M,237,1189636,19.9
,Nevada,32,2005,2005,Female,F,189,1198846,15.8
,Nevada,32,2005,2005,Male,M,275,1233297,22.3
,Nevada,32,2006,2006,Female,F,180,1243993,14.5
,Nevada,32,2006,2006,Male,M,291,1278665,22.8
,Nevada,32,2007,2007,Female,F,207,1284052,16.1
,Nevada,32,2007,2007,Male,M,308,1317020,23.4
,Nevada,32,2008,2008,Female,F,210,1310601,16
,Nevada,32,2008,2008,Male,M,319,1343029,23.8
,Nevada,32,2009,2009,Female,F,249,1327618,18.8
,Nevada,32,2009,2009,Male,M,306,1357047,22.5
,Nevada,32,2010,2010,Female,F,256,1336935,19.1
,Nevada,32,2010,2010,Male,M,325,1363616,23.8
,Nevada,32,2011,2011,Female,F,261,1348764,19.4
,Nevada,32,2011,2011,Male,M,381,1374558,27.7
,Nevada,32,2012,2012,Female,F,286,1367724,20.9
,Nevada,32,2012,2012,Male,M,325,1391207,23.4
,Nevada,32,2013,2013,Female,F,263,1384702,19
,Nevada,32,2013,2013,Male,M,359,1405434,25.5
,Nevada,32,2014,2014,Female,F,235,1412306,16.6
,Nevada,32,2014,2014,Male,M,320,1426793,22.4
,Nevada,32,2015,2015,Female,F,269,1440294,18.7
,Nevada,32,2015,2015,Male,M,360,1450551,24.8
,New Hampshire,33,1999,1999,Female,F,19,621409,
,New Hampshire,33,1999,1999,Male,M,43,600605,7.2
,New Hampshire,33,2000,2000,Female,F,19,628099,
,New Hampshire,33,2000,2000,Male,M,30,607687,4.9
,New Hampshire,33,2001,2001,Female,F,36,637412,5.6
,New Hampshire,33,2001,2001,Male,M,47,618105,7.6
,New Hampshire,33,2002,2002,Female,F,44,643680,6.8
,New Hampshire,33,2002,2002,Male,M,70,625409,11.2
,New Hampshire,33,2003,2003,Female,F,53,648513,8.2
,New Hampshire,33,2003,2003,Male,M,84,631327,13.3
,New Hampshire,33,2004,2004,Female,F,48,653845,7.3
,New Hampshire,33,2004,2004,Male,M,80,636276,12.6
,New Hampshire,33,2005,2005,Female,F,46,657932,7
,New Hampshire,33,2005,2005,Male,M,106,640560,16.5
,New Hampshire,33,2006,2006,Female,F,76,662773,11.5
,New Hampshire,33,2006,2006,Male,M,84,645616,13
,New Hampshire,33,2007,2007,Female,F,70,664987,10.5
,New Hampshire,33,2007,2007,Male,M,117,647553,18.1
,New Hampshire,33,2008,2008,Female,F,56,666576,8.4
,New Hampshire,33,2008,2008,Male,M,73,649330,11.2
,New Hampshire,33,2009,2009,Female,F,58,666875,8.7
,New Hampshire,33,2009,2009,Male,M,114,649227,17.6
,New Hampshire,33,2010,2010,Female,F,67,667076,10
,New Hampshire,33,2010,2010,Male,M,97,649394,14.9
,New Hampshire,33,2011,2011,Female,F,82,667341,12.3
,New Hampshire,33,2011,2011,Male,M,130,650853,20
,New Hampshire,33,2012,2012,Female,F,74,668481,11.1
,New Hampshire,33,2012,2012,Male,M,103,652237,15.8
,New Hampshire,33,2013,2013,Female,F,69,669746,10.3
,New Hampshire,33,2013,2013,Male,M,148,653713,22.6
,New Hampshire,33,2014,2014,Female,F,113,671344,16.8
,New Hampshire,33,2014,2014,Male,M,235,655469,35.9
,New Hampshire,33,2015,2015,Female,F,133,672952,19.8
,New Hampshire,33,2015,2015,Male,M,300,657656,45.6
,New Jersey,34,1999,1999,Female,F,193,4304271,4.5
,New Jersey,34,1999,1999,Male,M,564,4055321,13.9
,New Jersey,34,2000,2000,Female,F,213,4331537,4.9
,New Jersey,34,2000,2000,Male,M,582,4082813,14.3
,New Jersey,34,2001,2001,Female,F,216,4369932,4.9
,New Jersey,34,2001,2001,Male,M,580,4122739,14.1
,New Jersey,34,2002,2002,Female,F,244,4398801,5.5
,New Jersey,34,2002,2002,Male,M,641,4153842,15.4
,New Jersey,34,2003,2003,Female,F,217,4421964,4.9
,New Jersey,34,2003,2003,Male,M,575,4179438,13.8
,New Jersey,34,2004,2004,Female,F,228,4436964,5.1
,New Jersey,34,2004,2004,Male,M,483,4197597,11.5
,New Jersey,34,2005,2005,Female,F,304,4443545,6.8
,New Jersey,34,2005,2005,Male,M,662,4208429,15.7
,New Jersey,34,2006,2006,Female,F,303,4448099,6.8
,New Jersey,34,2006,2006,Male,M,706,4213580,16.8
,New Jersey,34,2007,2007,Female,F,237,4455148,5.3
,New Jersey,34,2007,2007,Male,M,560,4222737,13.3
,New Jersey,34,2008,2008,Female,F,265,4469901,5.9
,New Jersey,34,2008,2008,Male,M,543,4241189,12.8
,New Jersey,34,2009,2009,Female,F,109,4493506,2.4
,New Jersey,34,2009,2009,Male,M,234,4262096,5.5
,New Jersey,34,2010,2010,Female,F,318,4512294,7
,New Jersey,34,2010,2010,Male,M,585,4279600,13.7
,New Jersey,34,2011,2011,Female,F,334,4520963,7.4
,New Jersey,34,2011,2011,Male,M,708,4300192,16.5
,New Jersey,34,2012,2012,Female,F,379,4540905,8.3
,New Jersey,34,2012,2012,Male,M,889,4323685,20.6
,New Jersey,34,2013,2013,Female,F,435,4555374,9.5
,New Jersey,34,2013,2013,Male,M,896,4343965,20.6
,New Jersey,34,2014,2014,Female,F,419,4576223,9.2
,New Jersey,34,2014,2014,Male,M,884,4361952,20.3
,New Jersey,34,2015,2015,Female,F,437,4585897,9.5
,New Jersey,34,2015,2015,Male,M,1069,4372116,24.5
,New Mexico,35,1999,1999,Female,F,68,918661,7.4
,New Mexico,35,1999,1999,Male,M,207,889421,23.3
,New Mexico,35,2000,2000,Female,F,76,924729,8.2
,New Mexico,35,2000,2000,Male,M,205,894317,22.9
,New Mexico,35,2001,2001,Female,F,103,930387,11.1
,New Mexico,35,2001,2001,Male,M,174,901303,19.3
,New Mexico,35,2002,2002,Female,F,81,941856,8.6
,New Mexico,35,2002,2002,Male,M,220,913453,24.1
,New Mexico,35,2003,2003,Female,F,120,952303,12.6
,New Mexico,35,2003,2003,Male,M,253,925271,27.3
,New Mexico,35,2004,2004,Female,F,131,964738,13.6
,New Mexico,35,2004,2004,Male,M,200,939070,21.3
,New Mexico,35,2005,2005,Female,F,126,978520,12.9
,New Mexico,35,2005,2005,Male,M,259,953754,27.2
,New Mexico,35,2006,2006,Female,F,162,993969,16.3
,New Mexico,35,2006,2006,Male,M,273,968168,28.2
,New Mexico,35,2007,2007,Female,F,154,1007922,15.3
,New Mexico,35,2007,2007,Male,M,317,982148,32.3
,New Mexico,35,2008,2008,Female,F,187,1018578,18.4
,New Mexico,35,2008,2008,Male,M,347,992084,35
,New Mexico,35,2009,2009,Female,F,171,1031238,16.6
,New Mexico,35,2009,2009,Male,M,276,1005564,27.4
,New Mexico,35,2010,2010,Female,F,204,1041758,19.6
,New Mexico,35,2010,2010,Male,M,283,1017421,27.8
,New Mexico,35,2011,2011,Female,F,228,1052114,21.7
,New Mexico,35,2011,2011,Male,M,309,1030110,30
,New Mexico,35,2012,2012,Female,F,201,1052831,19.1
,New Mexico,35,2012,2012,Male,M,301,1032707,29.1
,New Mexico,35,2013,2013,Female,F,179,1051678,17
,New Mexico,35,2013,2013,Male,M,292,1033609,28.3
,New Mexico,35,2014,2014,Female,F,218,1052690,20.7
,New Mexico,35,2014,2014,Male,M,341,1032882,33
,New Mexico,35,2015,2015,Female,F,196,1051688,18.6
,New Mexico,35,2015,2015,Male,M,320,1033421,31
,New York,36,1999,1999,Female,F,295,9777654,3
,New York,36,1999,1999,Male,M,807,9105071,8.9
,New York,36,2000,2000,Female,F,262,9829709,2.7
,New York,36,2000,2000,Male,M,639,9146748,7
,New York,36,2001,2001,Female,F,343,9878713,3.5
,New York,36,2001,2001,Male,M,937,9204125,10.2
,New York,36,2002,2002,Female,F,322,9902927,3.3
,New York,36,2002,2002,Male,M,796,9234873,8.6
,New York,36,2003,2003,Female,F,367,9917810,3.7
,New York,36,2003,2003,Male,M,842,9258129,9.1
,New York,36,2004,2004,Female,F,348,9913527,3.5
,New York,36,2004,2004,Male,M,720,9258040,7.8
,New York,36,2005,2005,Female,F,354,9887467,3.6
,New York,36,2005,2005,Male,M,821,9245143,8.9
,New York,36,2006,2006,Female,F,603,9871401,6.1
,New York,36,2006,2006,Male,M,1346,9233230,14.6
,New York,36,2007,2007,Female,F,643,9881510,6.5
,New York,36,2007,2007,Male,M,1266,9250825,13.7
,New York,36,2008,2008,Female,F,602,9918841,6.1
,New York,36,2008,2008,Male,M,1254,9293595,13.5
,New York,36,2009,2009,Female,F,619,9966620,6.2
,New York,36,2009,2009,Male,M,1178,9340446,12.6
,New York,36,2010,2010,Female,F,601,10000955,6
,New York,36,2010,2010,Male,M,1159,9377147,12.4
,New York,36,2011,2011,Female,F,701,10033393,7
,New York,36,2011,2011,Male,M,1448,9431804,15.4
,New York,36,2012,2012,Female,F,735,10081044,7.3
,New York,36,2012,2012,Male,M,1527,9489217,16.1
,New York,36,2013,2013,Female,F,821,10114934,8.1
,New York,36,2013,2013,Male,M,1662,9536193,17.4
,New York,36,2014,2014,Female,F,826,10164966,8.1
,New York,36,2014,2014,Male,M,1684,9581261,17.6
,New York,36,2015,2015,Female,F,891,10184278,8.7
,New York,36,2015,2015,Male,M,2118,9611513,22
,North Carolina,37,1999,1999,Female,F,164,4062710,4
,North Carolina,37,1999,1999,Male,M,237,3886651,6.1
,North Carolina,37,2000,2000,Female,F,213,4106618,5.2
,North Carolina,37,2000,2000,Male,M,318,3942695,8.1
,North Carolina,37,2001,2001,Female,F,237,4187317,5.7
,North Carolina,37,2001,2001,Male,M,347,4022805,8.6
,North Carolina,37,2002,2002,Female,F,250,4250179,5.9
,North Carolina,37,2002,2002,Male,M,434,4076022,10.6
,North Carolina,37,2003,2003,Female,F,329,4313901,7.6
,North Carolina,37,2003,2003,Male,M,504,4108600,12.3
,North Carolina,37,2004,2004,Female,F,379,4376070,8.7
,North Carolina,37,2004,2004,Male,M,539,4177082,12.9
,North Carolina,37,2005,2005,Female,F,413,4457189,9.3
,North Carolina,37,2005,2005,Male,M,648,4248218,15.3
,North Carolina,37,2006,2006,Female,F,415,4563152,9.1
,North Carolina,37,2006,2006,Male,M,705,4354118,16.2
,North Carolina,37,2007,2007,Female,F,462,4677313,9.9
,North Carolina,37,2007,2007,Male,M,663,4440724,14.9
,North Carolina,37,2008,2008,Female,F,475,4771376,10
,North Carolina,37,2008,2008,Male,M,742,4538073,16.4
,North Carolina,37,2009,2009,Female,F,493,4846501,10.2
,North Carolina,37,2009,2009,Male,M,730,4603065,15.9
,North Carolina,37,2010,2010,Female,F,461,4889991,9.4
,North Carolina,37,2010,2010,Male,M,664,4645492,14.3
,North Carolina,37,2011,2011,Female,F,571,4952679,11.5
,North Carolina,37,2011,2011,Male,M,732,4703722,15.6
,North Carolina,37,2012,2012,Female,F,558,4999175,11.2
,North Carolina,37,2012,2012,Male,M,788,4752898,16.6
,North Carolina,37,2013,2013,Female,F,538,5047448,10.7
,North Carolina,37,2013,2013,Male,M,770,4800612,16
,North Carolina,37,2014,2014,Female,F,600,5099371,11.8
,North Carolina,37,2014,2014,Male,M,835,4844593,17.2
,North Carolina,37,2015,2015,Female,F,640,5150777,12.4
,North Carolina,37,2015,2015,Male,M,996,4892025,20.4
,North Dakota,38,1999,1999,Male,M,10,321642,
,North Dakota,38,2000,2000,Male,M,11,320524,
,North Dakota,38,2002,2002,Female,F,12,319017,
,North Dakota,38,2002,2002,Male,M,12,319151,
,North Dakota,38,2003,2003,Female,F,10,318896,
,North Dakota,38,2003,2003,Male,M,17,319921,
,North Dakota,38,2004,2004,Male,M,13,323697,
,North Dakota,38,2007,2007,Female,F,16,324066,
,North Dakota,38,2007,2007,Male,M,21,328756,6.4
,North Dakota,38,2008,2008,Female,F,20,326131,6.1
,North Dakota,38,2008,2008,Male,M,28,331438,8.4
,North Dakota,38,2009,2009,Female,F,13,329674,
,North Dakota,38,2009,2009,Male,M,15,335294,
,North Dakota,38,2010,2010,Female,F,14,332727,
,North Dakota,38,2010,2010,Male,M,12,339864,
,North Dakota,38,2011,2011,Male,M,16,346270,
,North Dakota,38,2012,2012,Female,F,10,343886,
,North Dakota,38,2012,2012,Male,M,17,355742,
,North Dakota,38,2013,2013,Male,M,18,370001,
,North Dakota,38,2014,2014,Female,F,21,360463,5.8
,North Dakota,38,2014,2014,Male,M,27,379019,7.1
,North Dakota,38,2015,2015,Female,F,29,368074,7.9
,North Dakota,38,2015,2015,Male,M,36,388853,9.3
,Ohio,39,1999,1999,Female,F,190,5835017,3.3
,Ohio,39,1999,1999,Male,M,344,5500437,6.3
,Ohio,39,2000,2000,Female,F,214,5840878,3.7
,Ohio,39,2000,2000,Male,M,411,5512262,7.5
,Ohio,39,2001,2001,Female,F,294,5853691,5
,Ohio,39,2001,2001,Male,M,514,5533713,9.3
,Ohio,39,2002,2002,Female,F,399,5859385,6.8
,Ohio,39,2002,2002,Male,M,626,5548504,11.3
,Ohio,39,2003,2003,Female,F,300,5868535,5.1
,Ohio,39,2003,2003,Male,M,552,5566253,9.9
,Ohio,39,2004,2004,Female,F,471,5874411,8
,Ohio,39,2004,2004,Male,M,795,5577840,14.3
,Ohio,39,2005,2005,Female,F,537,5876703,9.1
,Ohio,39,2005,2005,Male,M,845,5586617,15.1
,Ohio,39,2006,2006,Female,F,585,5883067,9.9
,Ohio,39,2006,2006,Male,M,1021,5598146,18.2
,Ohio,39,2007,2007,Female,F,634,5890965,10.8
,Ohio,39,2007,2007,Male,M,1057,5609503,18.8
,Ohio,39,2008,2008,Female,F,711,5896594,12.1
,Ohio,39,2008,2008,Male,M,1100,5618797,19.6
,Ohio,39,2009,2009,Female,F,531,5902018,9
,Ohio,39,2009,2009,Male,M,809,5626878,14.4
,Ohio,39,2010,2010,Female,F,719,5904348,12.2
,Ohio,39,2010,2010,Male,M,1192,5632156,21.2
,Ohio,39,2011,2011,Female,F,850,5905599,14.4
,Ohio,39,2011,2011,Male,M,1277,5639352,22.6
,Ohio,39,2012,2012,Female,F,823,5901605,13.9
,Ohio,39,2012,2012,Male,M,1384,5642620,24.5
,Ohio,39,2013,2013,Female,F,869,5911149,14.7
,Ohio,39,2013,2013,Male,M,1581,5659659,27.9
,Ohio,39,2014,2014,Female,F,1007,5919391,17
,Ohio,39,2014,2014,Male,M,1825,5674772,32.2
,Ohio,39,2015,2015,Female,F,1203,5926893,20.3
,Ohio,39,2015,2015,Male,M,2215,5686530,39
,Oklahoma,40,1999,1999,Female,F,73,1748783,4.2
,Oklahoma,40,1999,1999,Male,M,116,1688364,6.9
,Oklahoma,40,2000,2000,Female,F,99,1754759,5.6
,Oklahoma,40,2000,2000,Male,M,151,1695895,8.9
,Oklahoma,40,2001,2001,Female,F,107,1760052,6.1
,Oklahoma,40,2001,2001,Male,M,175,1707048,10.3
,Oklahoma,40,2002,2002,Female,F,115,1769080,6.5
,Oklahoma,40,2002,2002,Male,M,142,1720000,8.3
,Oklahoma,40,2003,2003,Female,F,156,1777723,8.8
,Oklahoma,40,2003,2003,Male,M,255,1727169,14.8
,Oklahoma,40,2004,2004,Female,F,200,1784671,11.2
,Oklahoma,40,2004,2004,Male,M,327,1740562,18.8
,Oklahoma,40,2005,2005,Female,F,233,1796475,13
,Oklahoma,40,2005,2005,Male,M,300,1752122,17.1
,Oklahoma,40,2006,2006,Female,F,262,1818693,14.4
,Oklahoma,40,2006,2006,Male,M,357,1775397,20.1
,Oklahoma,40,2007,2007,Female,F,309,1837175,16.8
,Oklahoma,40,2007,2007,Male,M,378,1797174,21
,Oklahoma,40,2008,2008,Female,F,236,1854771,12.7
,Oklahoma,40,2008,2008,Male,M,349,1814205,19.2
,Oklahoma,40,2009,2009,Female,F,335,1878034,17.8
,Oklahoma,40,2009,2009,Male,M,431,1839538,23.4
,Oklahoma,40,2010,2010,Female,F,296,1894374,15.6
,Oklahoma,40,2010,2010,Male,M,432,1856977,23.3
,Oklahoma,40,2011,2011,Female,F,322,1913759,16.8
,Oklahoma,40,2011,2011,Male,M,393,1877749,20.9
,Oklahoma,40,2012,2012,Female,F,372,1924995,19.3
,Oklahoma,40,2012,2012,Male,M,410,1889825,21.7
,Oklahoma,40,2013,2013,Female,F,369,1943276,19
,Oklahoma,40,2013,2013,Male,M,431,1907292,22.6
,Oklahoma,40,2014,2014,Female,F,381,1957903,19.5
,Oklahoma,40,2014,2014,Male,M,428,1920148,22.3
,Oklahoma,40,2015,2015,Female,F,331,1974214,16.8
,Oklahoma,40,2015,2015,Male,M,420,1937124,21.7
,Oregon,41,1999,1999,Female,F,93,1712226,5.4
,Oregon,41,1999,1999,Male,M,236,1681715,14
,Oregon,41,2000,2000,Female,F,111,1724849,6.4
,Oregon,41,2000,2000,Male,M,195,1696550,11.5
,Oregon,41,2001,2001,Female,F,125,1747889,7.2
,Oregon,41,2001,2001,Male,M,196,1720048,11.4
,Oregon,41,2002,2002,Female,F,164,1771126,9.3
,Oregon,41,2002,2002,Male,M,247,1742298,14.2
,Oregon,41,2003,2003,Female,F,178,1788805,10
,Oregon,41,2003,2003,Male,M,304,1758571,17.3
,Oregon,41,2004,2004,Female,F,209,1800377,11.6
,Oregon,41,2004,2004,Male,M,273,1769086,15.4
,Oregon,41,2005,2005,Female,F,195,1823447,10.7
,Oregon,41,2005,2005,Male,M,318,1789755,17.8
,Oregon,41,2006,2006,Female,F,248,1853117,13.4
,Oregon,41,2006,2006,Male,M,336,1817766,18.5
,Oregon,41,2007,2007,Female,F,240,1879347,12.8
,Oregon,41,2007,2007,Male,M,324,1843070,17.6
,Oregon,41,2008,2008,Female,F,202,1903535,10.6
,Oregon,41,2008,2008,Male,M,319,1865213,17.1
,Oregon,41,2009,2009,Female,F,234,1923209,12.2
,Oregon,41,2009,2009,Male,M,342,1885391,18.1
,Oregon,41,2010,2010,Female,F,237,1935072,12.2
,Oregon,41,2010,2010,Male,M,339,1896002,17.9
,Oregon,41,2011,2011,Female,F,226,1955239,11.6
,Oregon,41,2011,2011,Male,M,370,1916620,19.3
,Oregon,41,2012,2012,Female,F,240,1968641,12.2
,Oregon,41,2012,2012,Male,M,328,1930712,17
,Oregon,41,2013,2013,Female,F,238,1985655,12
,Oregon,41,2013,2013,Male,M,307,1944410,15.8
,Oregon,41,2014,2014,Female,F,251,2006139,12.5
,Oregon,41,2014,2014,Male,M,366,1964100,18.6
,Oregon,41,2015,2015,Female,F,240,2035807,11.8
,Oregon,41,2015,2015,Male,M,369,1993170,18.5
,Pennsylvania,42,1999,1999,Female,F,313,6347064,4.9
,Pennsylvania,42,1999,1999,Male,M,736,5916741,12.4
,Pennsylvania,42,2000,2000,Female,F,367,6351391,5.8
,Pennsylvania,42,2000,2000,Male,M,848,5929663,14.3
,Pennsylvania,42,2001,2001,Female,F,280,6354395,4.4
,Pennsylvania,42,2001,2001,Male,M,741,5944575,12.5
,Pennsylvania,42,2002,2002,Female,F,365,6363832,5.7
,Pennsylvania,42,2002,2002,Male,M,794,5967199,13.3
,Pennsylvania,42,2003,2003,Female,F,458,6377894,7.2
,Pennsylvania,42,2003,2003,Male,M,983,5996764,16.4
,Pennsylvania,42,2004,2004,Female,F,511,6390749,8
,Pennsylvania,42,2004,2004,Male,M,1089,6019973,18.1
,Pennsylvania,42,2005,2005,Female,F,586,6405053,9.1
,Pennsylvania,42,2005,2005,Male,M,1094,6044937,18.1
,Pennsylvania,42,2006,2006,Female,F,543,6429312,8.4
,Pennsylvania,42,2006,2006,Male,M,1291,6081497,21.2
,Pennsylvania,42,2007,2007,Female,F,597,6452087,9.3
,Pennsylvania,42,2007,2007,Male,M,1215,6111850,19.9
,Pennsylvania,42,2008,2008,Female,F,674,6473295,10.4
,Pennsylvania,42,2008,2008,Male,M,1224,6138990,19.9
,Pennsylvania,42,2009,2009,Female,F,687,6497024,10.6
,Pennsylvania,42,2009,2009,Male,M,1296,6169834,21
,Pennsylvania,42,2010,2010,Female,F,711,6512016,10.9
,Pennsylvania,42,2010,2010,Male,M,1269,6190363,20.5
,Pennsylvania,42,2011,2011,Female,F,814,6528324,12.5
,Pennsylvania,42,2011,2011,Male,M,1528,6214562,24.6
,Pennsylvania,42,2012,2012,Female,F,870,6533359,13.3
,Pennsylvania,42,2012,2012,Male,M,1589,6230177,25.5
,Pennsylvania,42,2013,2013,Female,F,909,6531461,13.9
,Pennsylvania,42,2013,2013,Male,M,1616,6242340,25.9
,Pennsylvania,42,2014,2014,Female,F,1036,6533392,15.9
,Pennsylvania,42,2014,2014,Male,M,1793,6253817,28.7
,Pennsylvania,42,2015,2015,Female,F,1162,6538129,17.8
,Pennsylvania,42,2015,2015,Male,M,2214,6264374,35.3
,Rhode Island,44,1999,1999,Female,F,23,540724,4.3
,Rhode Island,44,1999,1999,Male,M,38,499678,7.6
,Rhode Island,44,2000,2000,Female,F,26,544684,4.8
,Rhode Island,44,2000,2000,Male,M,50,503635,9.9
,Rhode Island,44,2001,2001,Female,F,43,548974,7.8
,Rhode Island,44,2001,2001,Male,M,73,508168,14.4
,Rhode Island,44,2002,2002,Female,F,34,553090,6.1
,Rhode Island,44,2002,2002,Male,M,78,512905,15.2
,Rhode Island,44,2003,2003,Female,F,47,555590,8.5
,Rhode Island,44,2003,2003,Male,M,110,515752,21.3
,Rhode Island,44,2004,2004,Female,F,38,556375,6.8
,Rhode Island,44,2004,2004,Male,M,71,518204,13.7
,Rhode Island,44,2005,2005,Female,F,65,552832,11.8
,Rhode Island,44,2005,2005,Male,M,98,515084,19
,Rhode Island,44,2006,2006,Female,F,48,550134,8.7
,Rhode Island,44,2006,2006,Male,M,131,512962,25.5
,Rhode Island,44,2007,2007,Female,F,43,546859,7.9
,Rhode Island,44,2007,2007,Male,M,99,510456,19.4
,Rhode Island,44,2008,2008,Female,F,71,545412,13
,Rhode Island,44,2008,2008,Male,M,122,509591,23.9
,Rhode Island,44,2009,2009,Female,F,58,544764,10.6
,Rhode Island,44,2009,2009,Male,M,110,508882,21.6
,Rhode Island,44,2010,2010,Female,F,65,544167,11.9
,Rhode Island,44,2010,2010,Male,M,111,508400,21.8
,Rhode Island,44,2011,2011,Female,F,78,543055,14.4
,Rhode Island,44,2011,2011,Male,M,115,508247,22.6
,Rhode Island,44,2012,2012,Female,F,68,542016,12.5
,Rhode Island,44,2012,2012,Male,M,133,508276,26.2
,Rhode Island,44,2013,2013,Female,F,80,542084,14.8
,Rhode Island,44,2013,2013,Male,M,172,509427,33.8
,Rhode Island,44,2014,2014,Female,F,78,543810,14.3
,Rhode Island,44,2014,2014,Male,M,175,511363,34.2
,Rhode Island,44,2015,2015,Female,F,98,544349,18
,Rhode Island,44,2015,2015,Male,M,220,511949,43
,South Carolina,45,1999,1999,Female,F,57,2045606,2.8
,South Carolina,45,1999,1999,Male,M,111,1929076,5.8
,South Carolina,45,2000,2000,Female,F,99,2063083,4.8
,South Carolina,45,2000,2000,Male,M,190,1948929,9.7
,South Carolina,45,2001,2001,Female,F,98,2089963,4.7
,South Carolina,45,2001,2001,Male,M,167,1975032,8.5
,South Carolina,45,2002,2002,Female,F,80,2111069,3.8
,South Carolina,45,2002,2002,Male,M,158,1996726,7.9
,South Carolina,45,2003,2003,Female,F,113,2133967,5.3
,South Carolina,45,2003,2003,Male,M,197,2016330,9.8
,South Carolina,45,2004,2004,Female,F,159,2162305,7.4
,South Carolina,45,2004,2004,Male,M,224,2048616,10.9
,South Carolina,45,2005,2005,Female,F,200,2192345,9.1
,South Carolina,45,2005,2005,Male,M,286,2077805,13.8
,South Carolina,45,2006,2006,Female,F,290,2237655,13
,South Carolina,45,2006,2006,Male,M,351,2120192,16.6
,South Carolina,45,2007,2007,Female,F,255,2280792,11.2
,South Carolina,45,2007,2007,Male,M,329,2163318,15.2
,South Carolina,45,2008,2008,Female,F,262,2325047,11.3
,South Carolina,45,2008,2008,Male,M,326,2203949,14.8
,South Carolina,45,2009,2009,Female,F,291,2357030,12.3
,South Carolina,45,2009,2009,Male,M,340,2232842,15.2
,South Carolina,45,2010,2010,Female,F,315,2375263,13.3
,South Carolina,45,2010,2010,Male,M,382,2250101,17
,South Carolina,45,2011,2011,Female,F,289,2402602,12
,South Carolina,45,2011,2011,Male,M,352,2276628,15.5
,South Carolina,45,2012,2012,Female,F,282,2426510,11.6
,South Carolina,45,2012,2012,Male,M,329,2297213,14.3
,South Carolina,45,2013,2013,Female,F,294,2451720,12
,South Carolina,45,2013,2013,Male,M,354,2323119,15.2
,South Carolina,45,2014,2014,Female,F,334,2483088,13.5
,South Carolina,45,2014,2014,Male,M,392,2349394,16.7
,South Carolina,45,2015,2015,Female,F,348,2517178,13.8
,South Carolina,45,2015,2015,Male,M,445,2378968,18.7
,South Dakota,46,1999,1999,Male,M,14,371912,
,South Dakota,46,2000,2000,Female,F,11,380286,
,South Dakota,46,2000,2000,Male,M,14,374558,
,South Dakota,46,2001,2001,Female,F,11,381537,
,South Dakota,46,2001,2001,Male,M,14,376435,
,South Dakota,46,2002,2002,Male,M,15,377692,
,South Dakota,46,2003,2003,Female,F,17,383633,
,South Dakota,46,2004,2004,Female,F,26,386677,6.7
,South Dakota,46,2004,2004,Male,M,25,383719,6.5
,South Dakota,46,2005,2005,Female,F,22,389021,5.7
,South Dakota,46,2005,2005,Male,M,25,386472,6.5
,South Dakota,46,2006,2006,Female,F,22,392420,5.6
,South Dakota,46,2006,2006,Male,M,21,390613,5.4
,South Dakota,46,2007,2007,Female,F,16,396650,
,South Dakota,46,2007,2007,Male,M,18,394973,
,South Dakota,46,2008,2008,Female,F,24,400236,6
,South Dakota,46,2008,2008,Male,M,33,398888,8.3
,South Dakota,46,2009,2009,Female,F,23,403198,5.7
,South Dakota,46,2009,2009,Male,M,28,403869,6.9
,South Dakota,46,2010,2010,Female,F,22,406799,5.4
,South Dakota,46,2010,2010,Male,M,26,407381,6.4
,South Dakota,46,2011,2011,Female,F,28,410905,6.8
,South Dakota,46,2011,2011,Male,M,32,413177,7.7
,South Dakota,46,2012,2012,Female,F,22,415038,5.3
,South Dakota,46,2012,2012,Male,M,23,418316,5.5
,South Dakota,46,2013,2013,Female,F,30,420499,7.1
,South Dakota,46,2013,2013,Male,M,27,424378,6.4
,South Dakota,46,2014,2014,Female,F,36,423862,8.5
,South Dakota,46,2014,2014,Male,M,34,429313,7.9
,South Dakota,46,2015,2015,Female,F,33,426493,7.7
,South Dakota,46,2015,2015,Male,M,39,431976,9
,Tennessee,47,1999,1999,Female,F,143,2897466,4.9
,Tennessee,47,1999,1999,Male,M,231,2741240,8.4
,Tennessee,47,2000,2000,Female,F,167,2919008,5.7
,Tennessee,47,2000,2000,Male,M,259,2770275,9.3
,Tennessee,47,2001,2001,Female,F,188,2948421,6.4
,Tennessee,47,2001,2001,Male,M,281,2802368,10
,Tennessee,47,2002,2002,Female,F,233,2971873,7.8
,Tennessee,47,2002,2002,Male,M,291,2824045,10.3
,Tennessee,47,2003,2003,Female,F,308,3000983,10.3
,Tennessee,47,2003,2003,Male,M,405,2846829,14.2
,Tennessee,47,2004,2004,Female,F,355,3027931,11.7
,Tennessee,47,2004,2004,Male,M,467,2882878,16.2
,Tennessee,47,2005,2005,Female,F,398,3068439,13
,Tennessee,47,2005,2005,Male,M,538,2922618,18.4
,Tennessee,47,2006,2006,Female,F,433,3121455,13.9
,Tennessee,47,2006,2006,Male,M,597,2967311,20.1
,Tennessee,47,2007,2007,Female,F,435,3162280,13.8
,Tennessee,47,2007,2007,Male,M,600,3013447,19.9
,Tennessee,47,2008,2008,Female,F,412,3203115,12.9
,Tennessee,47,2008,2008,Male,M,565,3044296,18.6
,Tennessee,47,2009,2009,Female,F,421,3231769,13
,Tennessee,47,2009,2009,Male,M,579,3074250,18.8
,Tennessee,47,2010,2010,Female,F,452,3252601,13.9
,Tennessee,47,2010,2010,Male,M,680,3093504,22
,Tennessee,47,2011,2011,Female,F,469,3282422,14.3
,Tennessee,47,2011,2011,Male,M,654,3120931,21
,Tennessee,47,2012,2012,Female,F,544,3307480,16.4
,Tennessee,47,2012,2012,Male,M,677,3148763,21.5
,Tennessee,47,2013,2013,Female,F,582,3328884,17.5
,Tennessee,47,2013,2013,Male,M,702,3167094,22.2
,Tennessee,47,2014,2014,Female,F,573,3357172,17.1
,Tennessee,47,2014,2014,Male,M,757,3192180,23.7
,Tennessee,47,2015,2015,Female,F,677,3382838,20
,Tennessee,47,2015,2015,Male,M,869,3217461,27
,Texas,48,1999,1999,Female,F,436,10360202,4.2
,Texas,48,1999,1999,Male,M,814,10198018,8
,Texas,48,2000,2000,Female,F,447,10498910,4.3
,Texas,48,2000,2000,Male,M,764,10352910,7.4
,Texas,48,2001,2001,Female,F,558,10731190,5.2
,Texas,48,2001,2001,Male,M,964,10588432,9.1
,Texas,48,2002,2002,Female,F,671,10914653,6.1
,Texas,48,2002,2002,Male,M,1109,10775672,10.3
,Texas,48,2003,2003,Female,F,732,11095953,6.6
,Texas,48,2003,2003,Male,M,1253,10934978,11.5
,Texas,48,2004,2004,Female,F,743,11278402,6.6
,Texas,48,2004,2004,Male,M,1296,11115621,11.7
,Texas,48,2005,2005,Female,F,803,11470439,7
,Texas,48,2005,2005,Male,M,1349,11307684,11.9
,Texas,48,2006,2006,Female,F,886,11771243,7.5
,Texas,48,2006,2006,Male,M,1566,11588337,13.5
,Texas,48,2007,2007,Female,F,897,12010572,7.5
,Texas,48,2007,2007,Male,M,1446,11821411,12.2
,Texas,48,2008,2008,Female,F,834,12249936,6.8
,Texas,48,2008,2008,Male,M,1365,12059103,11.3
,Texas,48,2009,2009,Female,F,971,12500150,7.8
,Texas,48,2009,2009,Male,M,1538,12301611,12.5
,Texas,48,2010,2010,Female,F,1032,12673281,8.1
,Texas,48,2010,2010,Male,M,1460,12472280,11.7
,Texas,48,2011,2011,Female,F,1041,12932239,8
,Texas,48,2011,2011,Male,M,1649,12742442,12.9
,Texas,48,2012,2012,Female,F,981,13111469,7.5
,Texas,48,2012,2012,Male,M,1565,12947734,12.1
,Texas,48,2013,2013,Female,F,1037,13301191,7.8
,Texas,48,2013,2013,Male,M,1569,13147002,11.9
,Texas,48,2014,2014,Female,F,1117,13574572,8.2
,Texas,48,2014,2014,Male,M,1610,13382386,12
,Texas,48,2015,2015,Female,F,1083,13831324,7.8
,Texas,48,2015,2015,Male,M,1649,13637790,12.1
,Utah,49,1999,1999,Female,F,62,1100167,5.6
,Utah,49,1999,1999,Male,M,150,1103315,13.6
,Utah,49,2000,2000,Female,F,73,1114138,6.6
,Utah,49,2000,2000,Male,M,151,1119031,13.5
,Utah,49,2001,2001,Female,F,83,1139182,7.3
,Utah,49,2001,2001,Male,M,133,1144533,11.6
,Utah,49,2002,2002,Female,F,120,1158853,10.4
,Utah,49,2002,2002,Male,M,180,1165962,15.4
,Utah,49,2003,2003,Female,F,152,1175867,12.9
,Utah,49,2003,2003,Male,M,216,1184270,18.2
,Utah,49,2004,2004,Female,F,135,1196749,11.3
,Utah,49,2004,2004,Male,M,276,1204831,22.9
,Utah,49,2005,2005,Female,F,207,1224741,16.9
,Utah,49,2005,2005,Male,M,274,1232978,22.2
,Utah,49,2006,2006,Female,F,188,1257991,14.9
,Utah,49,2006,2006,Male,M,293,1267516,23.1
,Utah,49,2007,2007,Female,F,224,1292672,17.3
,Utah,49,2007,2007,Male,M,322,1305074,24.7
,Utah,49,2008,2008,Female,F,191,1325631,14.4
,Utah,49,2008,2008,Male,M,292,1337398,21.8
,Utah,49,2009,2009,Female,F,210,1355509,15.5
,Utah,49,2009,2009,Male,M,298,1367912,21.8
,Utah,49,2010,2010,Female,F,189,1375568,13.7
,Utah,49,2010,2010,Male,M,268,1388317,19.3
,Utah,49,2011,2011,Female,F,236,1401715,16.8
,Utah,49,2011,2011,Male,M,284,1415507,20.1
,Utah,49,2012,2012,Female,F,250,1419427,17.6
,Utah,49,2012,2012,Male,M,362,1435860,25.2
,Utah,49,2013,2013,Female,F,250,1441891,17.3
,Utah,49,2013,2013,Male,M,362,1458981,24.8
,Utah,49,2014,2014,Female,F,265,1463152,18.1
,Utah,49,2014,2014,Male,M,352,1479750,23.8
,Utah,49,2015,2015,Female,F,304,1488819,20.4
,Utah,49,2015,2015,Male,M,363,1507100,24.1
,Vermont,50,1999,1999,Female,F,13,308398,
,Vermont,50,1999,1999,Male,M,18,296285,
,Vermont,50,2000,2000,Male,M,30,298337,10.1
,Vermont,50,2001,2001,Female,F,25,311779,8
,Vermont,50,2001,2001,Male,M,28,300444,9.3
,Vermont,50,2002,2002,Female,F,21,312959,6.7
,Vermont,50,2002,2002,Male,M,33,302483,10.9
,Vermont,50,2003,2003,Female,F,20,314206,6.4
,Vermont,50,2003,2003,Male,M,53,303652,17.5
,Vermont,50,2004,2004,Female,F,16,315080,
,Vermont,50,2004,2004,Male,M,36,304840,11.8
,Vermont,50,2005,2005,Female,F,22,315422,7
,Vermont,50,2005,2005,Male,M,33,305793,10.8
,Vermont,50,2006,2006,Female,F,29,316290,9.2
,Vermont,50,2006,2006,Male,M,54,306602,17.6
,Vermont,50,2007,2007,Female,F,31,316538,9.8
,Vermont,50,2007,2007,Male,M,37,306943,12.1
,Vermont,50,2008,2008,Female,F,27,316722,8.5
,Vermont,50,2008,2008,Male,M,49,307429,15.9
,Vermont,50,2009,2009,Female,F,19,317128,
,Vermont,50,2009,2009,Male,M,38,307689,12.4
,Vermont,50,2010,2010,Female,F,26,317535,8.2
,Vermont,50,2010,2010,Male,M,42,308206,13.6
,Vermont,50,2011,2011,Female,F,45,317581,14.2
,Vermont,50,2011,2011,Male,M,42,308850,13.6
,Vermont,50,2012,2012,Female,F,33,317233,10.4
,Vermont,50,2012,2012,Male,M,48,308778,15.5
,Vermont,50,2013,2013,Female,F,39,317442,12.3
,Vermont,50,2013,2013,Male,M,60,309188,19.4
,Vermont,50,2014,2014,Female,F,32,317713,10.1
,Vermont,50,2014,2014,Male,M,58,308849,18.8
,Vermont,50,2015,2015,Female,F,38,317516,12
,Vermont,50,2015,2015,Male,M,73,308526,23.7
,Virginia,51,1999,1999,Female,F,136,3569683,3.8
,Virginia,51,1999,1999,Male,M,255,3430491,7.4
,Virginia,51,2000,2000,Female,F,161,3606620,4.5
,Virginia,51,2000,2000,Male,M,280,3471895,8.1
,Virginia,51,2001,2001,Female,F,172,3665386,4.7
,Virginia,51,2001,2001,Male,M,331,3532976,9.4
,Virginia,51,2002,2002,Female,F,179,3713695,4.8
,Virginia,51,2002,2002,Male,M,348,3573178,9.7
,Virginia,51,2003,2003,Female,F,227,3757780,6
,Virginia,51,2003,2003,Male,M,353,3609197,9.8
,Virginia,51,2004,2004,Female,F,200,3814310,5.2
,Virginia,51,2004,2004,Male,M,395,3661265,10.8
,Virginia,51,2005,2005,Female,F,244,3863646,6.3
,Virginia,51,2005,2005,Male,M,373,3713459,10
,Virginia,51,2006,2006,Female,F,261,3908475,6.7
,Virginia,51,2006,2006,Male,M,409,3765250,10.9
,Virginia,51,2007,2007,Female,F,295,3947966,7.5
,Virginia,51,2007,2007,Male,M,418,3803034,11
,Virginia,51,2008,2008,Female,F,298,3988983,7.5
,Virginia,51,2008,2008,Male,M,432,3844513,11.2
,Virginia,51,2009,2009,Female,F,276,4037895,6.8
,Virginia,51,2009,2009,Male,M,424,3888042,10.9
,Virginia,51,2010,2010,Female,F,236,4075041,5.8
,Virginia,51,2010,2010,Male,M,335,3925983,8.5
,Virginia,51,2011,2011,Female,F,330,4120439,8
,Virginia,51,2011,2011,Male,M,487,3976165,12.2
,Virginia,51,2012,2012,Female,F,315,4164342,7.6
,Virginia,51,2012,2012,Male,M,440,4021525,10.9
,Virginia,51,2013,2013,Female,F,333,4198203,7.9
,Virginia,51,2013,2013,Male,M,557,4062202,13.7
,Virginia,51,2014,2014,Female,F,381,4231045,9
,Virginia,51,2014,2014,Male,M,621,4095244,15.2
,Virginia,51,2015,2015,Female,F,387,4258228,9.1
,Virginia,51,2015,2015,Male,M,683,4124765,16.6
,Washington,53,1999,1999,Female,F,202,2934901,6.9
,Washington,53,1999,1999,Male,M,394,2907663,13.6
,Washington,53,2000,2000,Female,F,207,2959821,7
,Washington,53,2000,2000,Male,M,392,2934300,13.4
,Washington,53,2001,2001,Female,F,196,3002080,6.5
,Washington,53,2001,2001,Male,M,351,2983642,11.8
,Washington,53,2002,2002,Female,F,274,3036742,9
,Washington,53,2002,2002,Male,M,420,3015607,13.9
,Washington,53,2003,2003,Female,F,288,3065739,9.4
,Washington,53,2003,2003,Male,M,464,3038376,15.3
,Washington,53,2004,2004,Female,F,341,3107815,11
,Washington,53,2004,2004,Male,M,547,3070830,17.8
,Washington,53,2005,2005,Female,F,356,3145396,11.3
,Washington,53,2005,2005,Male,M,575,3111909,18.5
,Washington,53,2006,2006,Female,F,408,3200695,12.7
,Washington,53,2006,2006,Male,M,562,3170058,17.7
,Washington,53,2007,2007,Female,F,410,3247800,12.6
,Washington,53,2007,2007,Male,M,593,3213787,18.5
,Washington,53,2008,2008,Female,F,439,3293162,13.3
,Washington,53,2008,2008,Male,M,619,3269069,18.9
,Washington,53,2009,2009,Female,F,447,3343920,13.4
,Washington,53,2009,2009,Male,M,584,3323506,17.6
,Washington,53,2010,2010,Female,F,409,3374833,12.1
,Washington,53,2010,2010,Male,M,553,3349707,16.5
,Washington,53,2011,2011,Female,F,454,3420356,13.3
,Washington,53,2011,2011,Male,M,596,3409682,17.5
,Washington,53,2012,2012,Female,F,419,3455462,12.1
,Washington,53,2012,2012,Male,M,614,3441550,17.8
,Washington,53,2013,2013,Female,F,444,3488736,12.7
,Washington,53,2013,2013,Male,M,598,3482670,17.2
,Washington,53,2014,2014,Female,F,432,3531595,12.2
,Washington,53,2014,2014,Male,M,626,3529935,17.7
,Washington,53,2015,2015,Female,F,468,3585353,13.1
,Washington,53,2015,2015,Male,M,721,3584998,20.1
,West Virginia,54,1999,1999,Female,F,28,931809,3
,West Virginia,54,1999,1999,Male,M,52,879990,5.9
,West Virginia,54,2000,2000,Female,F,46,929174,5
,West Virginia,54,2000,2000,Male,M,76,879170,8.6
,West Virginia,54,2001,2001,Female,F,80,923643,8.7
,West Virginia,54,2001,2001,Male,M,137,877838,15.6
,West Virginia,54,2002,2002,Female,F,70,923841,7.6
,West Virginia,54,2002,2002,Male,M,167,881573,18.9
,West Virginia,54,2003,2003,Female,F,91,925835,9.8
,West Virginia,54,2003,2003,Male,M,188,886460,21.2
,West Virginia,54,2004,2004,Female,F,129,927027,13.9
,West Virginia,54,2004,2004,Male,M,218,889411,24.5
,West Virginia,54,2005,2005,Female,F,60,927690,6.5
,West Virginia,54,2005,2005,Male,M,137,892802,15.3
,West Virginia,54,2006,2006,Female,F,151,930605,16.2
,West Virginia,54,2006,2006,Male,M,227,897307,25.3
,West Virginia,54,2007,2007,Female,F,147,932683,15.8
,West Virginia,54,2007,2007,Male,M,258,901369,28.6
,West Virginia,54,2008,2008,Female,F,173,934911,18.5
,West Virginia,54,2008,2008,Male,M,295,905399,32.6
,West Virginia,54,2009,2009,Female,F,85,937434,9.1
,West Virginia,54,2009,2009,Male,M,150,910341,16.5
,West Virginia,54,2010,2010,Female,F,210,939408,22.4
,West Virginia,54,2010,2010,Male,M,310,913586,33.9
,West Virginia,54,2011,2011,Female,F,240,940283,25.5
,West Virginia,54,2011,2011,Male,M,405,915081,44.3
,West Virginia,54,2012,2012,Female,F,237,940008,25.2
,West Virginia,54,2012,2012,Male,M,339,915405,37
,West Virginia,54,2013,2013,Female,F,216,938728,23
,West Virginia,54,2013,2013,Male,M,367,915576,40.1
,West Virginia,54,2014,2014,Female,F,235,936411,25.1
,West Virginia,54,2014,2014,Male,M,411,913915,45
,West Virginia,54,2015,2015,Female,F,301,933068,32.3
,West Virginia,54,2015,2015,Male,M,449,911060,49.3
,Wisconsin,55,1999,1999,Female,F,100,2701525,3.7
,Wisconsin,55,1999,1999,Male,M,137,2631141,5.2
,Wisconsin,55,2000,2000,Female,F,99,2714634,3.6
,Wisconsin,55,2000,2000,Male,M,179,2649041,6.8
,Wisconsin,55,2001,2001,Female,F,123,2733647,4.5
,Wisconsin,55,2001,2001,Male,M,174,2673188,6.5
,Wisconsin,55,2002,2002,Female,F,143,2751697,5.2
,Wisconsin,55,2002,2002,Male,M,221,2693465,8.2
,Wisconsin,55,2003,2003,Female,F,154,2766901,5.6
,Wisconsin,55,2003,2003,Male,M,279,2712302,10.3
,Wisconsin,55,2004,2004,Female,F,201,2782678,7.2
,Wisconsin,55,2004,2004,Male,M,282,2731348,10.3
,Wisconsin,55,2005,2005,Female,F,223,2797061,8
,Wisconsin,55,2005,2005,Male,M,338,2749105,12.3
,Wisconsin,55,2006,2006,Female,F,241,2812276,8.6
,Wisconsin,55,2006,2006,Male,M,401,2765379,14.5
,Wisconsin,55,2007,2007,Female,F,239,2827782,8.5
,Wisconsin,55,2007,2007,Male,M,400,2782993,14.4
,Wisconsin,55,2008,2008,Female,F,240,2842268,8.4
,Wisconsin,55,2008,2008,Male,M,382,2798728,13.6
,Wisconsin,55,2009,2009,Female,F,261,2856103,9.1
,Wisconsin,55,2009,2009,Male,M,380,2813161,13.5
,Wisconsin,55,2010,2010,Female,F,274,2864586,9.6
,Wisconsin,55,2010,2010,Male,M,361,2822400,12.8
,Wisconsin,55,2011,2011,Female,F,276,2875675,9.6
,Wisconsin,55,2011,2011,Male,M,436,2836092,15.4
,Wisconsin,55,2012,2012,Female,F,279,2883326,9.7
,Wisconsin,55,2012,2012,Male,M,435,2843072,15.3
,Wisconsin,55,2013,2013,Female,F,339,2890553,11.7
,Wisconsin,55,2013,2013,Male,M,535,2852160,18.8
,Wisconsin,55,2014,2014,Female,F,363,2898057,12.5
,Wisconsin,55,2014,2014,Male,M,511,2859507,17.9
,Wisconsin,55,2015,2015,Female,F,348,2903737,12
,Wisconsin,55,2015,2015,Male,M,546,2867600,19
,Wyoming,56,1999,1999,Female,F,12,244518,
,Wyoming,56,2000,2000,Female,F,13,245408,
,Wyoming,56,2000,2000,Male,M,14,248374,
,Wyoming,56,2001,2001,Female,F,10,245327,
,Wyoming,56,2001,2001,Male,M,15,249330,
,Wyoming,56,2002,2002,Female,F,13,247785,
,Wyoming,56,2002,2002,Male,M,23,252232,9.1
,Wyoming,56,2003,2003,Female,F,22,249128,8.8
,Wyoming,56,2003,2003,Male,M,15,254325,
,Wyoming,56,2004,2004,Female,F,27,251506,10.7
,Wyoming,56,2004,2004,Male,M,37,257600,14.4
,Wyoming,56,2005,2005,Female,F,16,253726,
,Wyoming,56,2005,2005,Male,M,29,260431,11.1
,Wyoming,56,2006,2006,Female,F,28,257361,10.9
,Wyoming,56,2006,2006,Male,M,36,265306,13.6
,Wyoming,56,2007,2007,Female,F,27,262776,10.3
,Wyoming,56,2007,2007,Male,M,41,272100,15.1
,Wyoming,56,2008,2008,Female,F,38,267982,14.2
,Wyoming,56,2008,2008,Male,M,36,278061,12.9
,Wyoming,56,2009,2009,Female,F,26,274046,9.5
,Wyoming,56,2009,2009,Male,M,37,285805,12.9
,Wyoming,56,2010,2010,Female,F,47,276189,17
,Wyoming,56,2010,2010,Male,M,41,287437,14.3
,Wyoming,56,2011,2011,Female,F,42,278401,15.1
,Wyoming,56,2011,2011,Male,M,46,289757,15.9
,Wyoming,56,2012,2012,Female,F,53,282131,18.8
,Wyoming,56,2012,2012,Male,M,46,294281,15.6
,Wyoming,56,2013,2013,Female,F,39,285380,13.7
,Wyoming,56,2013,2013,Male,M,60,297278,20.2
,Wyoming,56,2014,2014,Female,F,48,286111,16.8
,Wyoming,56,2014,2014,Male,M,64,298042,21.5
,Wyoming,56,2015,2015,Female,F,51,287206,17.8
,Wyoming,56,2015,2015,Male,M,48,298901,16.1
---,,,,,,,,,
"Dataset: Underlying Cause of Death, 1999-2015",,,,,,,,,
Query Parameters:,,,,,,,,,
Title:,,,,,,,,,
2013 Urbanization: All,,,,,,,,,
Autopsy: All,,,,,,,,,
Drug/Alcohol Induced Causes: Drug-Induced Causes,,,,,,,,,
Gender: All,,,,,,,,,
Hispanic Origin: All,,,,,,,,,
Place of Death: All,,,,,,,,,
Race: All,,,,,,,,,
States: All,,,,,,,,,
Ten-Year Age Groups: All,,,,,,,,,
Weekday: All,,,,,,,,,
Year/Month: All,,,,,,,,,
"Group By: State, Year, Gender",,,,,,,,,
Show Totals: Disabled,,,,,,,,,
Show Zero Values: False,,,,,,,,,
Show Suppressed: False,,,,,,,,,
"Calculate Rates Per: 100,000",,,,,,,,,
Rate Options: Default intercensal populations for years 2001-2009 (except Infant Age Groups),,,,,,,,,
---,,,,,,,,,
Help: See http://wonder.cdc.gov/wonder/help/ucd.html for more information.,,,,,,,,,
---,,,,,,,,,
"Query Date: Dec 16, 2017 12:23:54 PM",,,,,,,,,
---,,,,,,,,,
"Suggested Citation: Centers for Disease Control and Prevention, National Center for Health Statistics. Underlying Cause of Death",,,,,,,,,
"1999-2015 on CDC WONDER Online Database, released December, 2016. Data are from the Multiple Cause of Death Files, 1999-2015, as",,,,,,,,,
compiled from data provided by the 57 vital statistics jurisdictions through the Vital Statistics Cooperative Program. Accessed,,,,,,,,,
"at http://wonder.cdc.gov/ucd-icd10.html on Dec 16, 2017 12:23:54 PM",,,,,,,,,
---,,,,,,,,,
Messages:,,,,,,,,,
1. Totals are not available for these results due to suppression constraints. More Information:,,,,,,,,,
http://wonder.cdc.gov/wonder/help/faq.html#Privacy.,,,,,,,,,
2. Rows with suppressed Deaths are hidden. Use Quick Options above to show suppressed rows.,,,,,,,,,
---,,,,,,,,,
Caveats:,,,,,,,,,
"1. As of April 3, 2017, the underlying cause of death has been revised for 125 deaths in 2014. More information:",,,,,,,,,
http://wonder.cdc.gov/wonder/help/ucd.html#2014-Revision.,,,,,,,,,
2. Circumstances in Georgia for the years 2008 and 2009 have resulted in unusually high death counts for the ICD-10 cause of,,,,,,,,,
"death code R99, ""Other ill-defined and unspecified causes of mortality."" Caution should be used in interpreting these data.",,,,,,,,,
More information: http://wonder.cdc.gov/wonder/help/ucd.html#Georgia-Reporting-Anomalies.,,,,,,,,,
3. Circumstances in New Jersey for the year 2009 have resulted in unusually high death counts for the ICD-10 cause of death code,,,,,,,,,
"R99, ""Other ill-defined and unspecified causes of mortality"" and therefore unusually low death counts in other ICD-10 codes,",,,,,,,,,
"most notably R95, ""Sudden Infant Death Syndrome"" and X40-X49, ""Unintentional poisoning."" Caution should be used in",,,,,,,,,
interpreting these data. More information: http://wonder.cdc.gov/wonder/help/ucd.html#New-Jersey-Reporting-Anomalies.,,,,,,,,,
"4. Circumstances in California resulted in unusually high death counts for the ICD-10 cause of death code R99, ""Other",,,,,,,,,
"ill-defined and unspecified causes of mortality"" for deaths occurring in years 2000 and 2001. Caution should be used in",,,,,,,,,
interpreting these data. More information: http://wonder.cdc.gov/wonder/help/ucd.html#California-Reporting-Anomalies.,,,,,,,,,
5. Data are Suppressed when the data meet the criteria for confidentiality constraints. More information:,,,,,,,,,
http://wonder.cdc.gov/wonder/help/ucd.html#Assurance of Confidentiality.,,,,,,,,,
6. Death rates are flagged as Unreliable when the rate is calculated with a numerator of 20 or less. More information:,,,,,,,,,
http://wonder.cdc.gov/wonder/help/ucd.html#Unreliable.,,,,,,,,,
"7. The population figures for year 2015 are bridged-race estimates of the July 1 resident population, from the Vintage 2015",,,,,,,,,
"postcensal series released by NCHS on June 28, 2016. The population figures for year 2014 are bridged-race estimates of the July",,,,,,,,,
"1 resident population, from the Vintage 2014 postcensal series released by NCHS on June 30, 2015. The population figures for",,,,,,,,,
"year 2013 are bridged-race estimates of the July 1 resident population, from the Vintage 2013 postcensal series released by NCHS",,,,,,,,,
"on June 26, 2014. The population figures for year 2012 are bridged-race estimates of the July 1 resident population, from the",,,,,,,,,
"Vintage 2012 postcensal series released by NCHS on June 13, 2013. The population figures for year 2011 are bridged-race",,,,,,,,,
"estimates of the July 1 resident population, from the Vintage 2011 postcensal series released by NCHS on July 18, 2012.",,,,,,,,,
Population figures for 2010 are April 1 Census counts. The population figures for years 2001 - 2009 are bridged-race estimates,,,,,,,,,
"of the July 1 resident population, from the revised intercensal county-level 2000 - 2009 series released by NCHS on October 26,",,,,,,,,,
2012. Population figures for 2000 are April 1 Census counts. Population figures for 1999 are from the 1990-1999 intercensal,,,,,,,,,
series of July 1 estimates. Population figures for the infant age groups are the number of live births. <br/><b>Note:</b> Rates,,,,,,,,,
"and population figures for years 2001 - 2009 differ slightly from previously published reports, due to use of the population",,,,,,,,,
estimates which were available at the time of release.,,,,,,,,,
8. The population figures used in the calculation of death rates for the age group 'under 1 year' are the estimates of the,,,,,,,,,
resident population that is under one year of age. More information: http://wonder.cdc.gov/wonder/help/ucd.html#Age Group.,,,,,,,,,
